order_id,order_date,order_device_type,order_session_visited_pages,order_session_start_time,order_traffic_source_type,order_utm_source_campaign,product_id,customer_id,product_qty,product_net_revenue,tax_amount,product_gross_revenue,status
1918,2024-04-16 23:14:42,Mobile,98,2024-04-17 03:31:44,referral,com.google.android.gm,540,29,3,1821.0,327.78,2148.78,wc-completed
2092,2024-04-18 10:06:57,Desktop,3,2024-04-18 14:20:47,typein,(direct),2082,26,5,3090.0,556.2,3646.2,wc-completed
2289,2024-04-18 17:45:10,Desktop,10,2024-04-18 21:02:59,typein,(direct),2081,72,1,1427.0,256.86,1683.86,wc-completed
2319,2024-04-19 09:53:17,Desktop,8,2024-04-19 14:47:29,typein,(direct),2221,29,2,1582.0,284.76,1866.76,wc-completed
2392,2024-04-19 15:12:21,Desktop,20,2024-04-18 21:55:53,typein,(direct),2221,26,4,3164.0,569.52,3733.52,wc-completed
2392,2024-04-19 15:12:21,Desktop,20,2024-04-18 21:55:53,typein,(direct),1136,26,5,4600.0,828.0,5428.0,wc-completed
2708,2024-04-22 13:26:17,Desktop,1,2024-04-22 17:01:59,typein,(direct),2082,80,10,6290.0,1132.2,7422.2,wc-completed
2766,2024-04-22 15:49:10,Desktop,25,2024-04-22 19:57:02,organic,google,2082,30,5,3090.0,556.2,3646.2,wc-completed
4040,2024-04-25 16:10:22,Desktop,34,2024-04-25 20:39:11,typein,(direct),3469,119,30,750.0,135.0,885.0,wc-completed
4041,2024-04-25 16:30:08,Desktop,38,2024-04-25 20:39:11,typein,(direct),3469,119,30,750.0,135.0,885.0,wc-completed
4160,2024-04-26 11:54:15,Desktop,50,2024-04-26 16:01:08,typein,(direct),2786,26,3,2784.0,501.12,3285.12,wc-completed
4160,2024-04-26 11:54:15,Desktop,50,2024-04-26 16:01:08,typein,(direct),4154,26,15,7455.0,1341.9,8796.9,wc-completed
4236,2024-04-26 19:18:40,Desktop,20,2024-04-26 16:01:08,typein,(direct),4189,26,10,4550.0,819.0,5369.0,wc-completed
4434,2024-04-29 15:14:26,Desktop,10,2024-04-29 20:11:09,typein,(direct),2308,119,5,2380.0,428.4,2808.4,wc-completed
4528,2024-04-30 13:35:08,Desktop,22,2024-04-30 18:21:12,typein,(direct),2082,80,10,6090.0,1096.2,7186.2,wc-completed
4537,2024-04-30 14:52:17,Desktop,28,2024-04-30 19:04:31,organic,google,2082,29,5,3045.0,548.1,3593.1,wc-completed
4541,2024-04-30 15:43:34,Desktop,12,2024-04-30 20:02:20,typein,(direct),4189,30,5,2275.0,409.5,2684.5,wc-completed
4663,2024-05-01 17:54:09,Desktop,21,2024-04-26 16:01:08,typein,(direct),4655,26,4,1052.0,189.36,1241.36,wc-completed
4663,2024-05-01 17:54:09,Desktop,21,2024-04-26 16:01:08,typein,(direct),4429,26,1,451.0,81.18,532.18,wc-completed
4663,2024-05-01 17:54:09,Desktop,21,2024-04-26 16:01:08,typein,(direct),4380,26,2,1594.0,286.92,1880.92,wc-completed
4706,2024-05-02 14:32:04,Desktop,7,2024-04-26 16:01:08,typein,(direct),4512,26,5,4225.0,760.5,4985.5,wc-completed
4663,2024-05-01 17:54:09,Desktop,21,2024-04-26 16:01:08,typein,(direct),4649,26,10,4720.0,849.6,5569.6,wc-completed
5432,2024-05-06 18:34:21,Desktop,4,2024-04-26 16:01:08,typein,(direct),5428,26,5,5675.0,1021.5,6696.5,wc-completed
5516,2024-05-07 12:25:22,,,,admin,,5453,152,1,592.0,106.56,698.56,wc-completed
5943,2024-05-08 10:04:29,,,,admin,,2081,153,5,7210.0,1297.8,8507.8,wc-completed
5943,2024-05-08 10:04:29,,,,admin,,4064,153,10,400.0,72.0,472.0,wc-completed
5952,2024-05-08 12:32:14,Desktop,11,2024-04-26 16:01:08,typein,(direct),674,26,12,6720.0,1209.6,7929.6,wc-completed
6284,2024-05-09 17:09:38,Desktop,9,2024-05-09 22:05:46,typein,(direct),4864,69,5,1220.0,219.6,1439.6,wc-completed
6286,2024-05-09 17:11:43,Desktop,6,2024-04-19 01:21:53,typein,(direct),528,75,1,725.0,130.5,855.5,wc-completed
6286,2024-05-09 17:11:43,Desktop,6,2024-04-19 01:21:53,typein,(direct),569,75,2,1838.0,330.84,2168.84,wc-completed
6286,2024-05-09 17:11:43,Desktop,6,2024-04-19 01:21:53,typein,(direct),571,75,1,1104.0,198.72,1302.72,wc-completed
7079,2024-05-15 10:01:35,Desktop,5,2024-05-14 16:54:20,typein,(direct),6685,80,30,8100.0,1458.0,9558.0,wc-completed
7224,2024-05-15 14:05:00,Desktop,6,2024-05-15 18:58:30,typein,(direct),1136,43,2,1838.0,330.84,2168.84,wc-completed
7270,2024-05-15 16:07:12,Desktop,10,2024-05-15 21:03:14,typein,(direct),6685,29,5,1350.0,243.0,1593.0,wc-completed
7271,2024-05-15 16:25:35,Desktop,22,2024-05-15 21:03:14,typein,(direct),1136,29,2,1838.0,330.84,2168.84,wc-completed
7408,2024-05-16 17:29:13,,,,admin,,1145,146,1,919.0,165.42,1084.42,wc-completed
7449,2024-05-17 12:41:46,Desktop,67,2024-05-17 16:37:13,typein,(direct),5178,60,1,573.0,103.14,676.14,wc-completed
7449,2024-05-17 12:41:46,Desktop,67,2024-05-17 16:37:13,typein,(direct),1140,60,1,714.0,128.52,842.52,wc-completed
7449,2024-05-17 12:41:46,Desktop,67,2024-05-17 16:37:13,typein,(direct),1136,60,1,919.0,165.42,1084.42,wc-completed
7449,2024-05-17 12:41:46,Desktop,67,2024-05-17 16:37:13,typein,(direct),1145,60,1,919.0,165.42,1084.42,wc-completed
7449,2024-05-17 12:41:46,Desktop,67,2024-05-17 16:37:13,typein,(direct),4419,60,2,1578.0,284.04,1862.04,wc-completed
10022,2024-05-21 13:47:59,Desktop,4,2024-05-21 17:49:57,typein,(direct),1136,30,2,1838.0,330.84,2168.84,wc-completed
10037,2024-05-21 17:39:33,Desktop,14,2024-05-21 20:35:29,typein,(direct),6023,119,10,3740.0,673.2,4413.2,wc-completed
10150,2024-05-22 14:41:22,Desktop,5,2024-05-22 14:53:44,typein,(direct),1136,80,4,3676.0,661.68,4337.68,wc-completed
10189,2024-05-22 17:18:02,,,,admin,,1136,179,5,4595.0,827.1,5422.1,wc-completed
10190,2024-05-22 17:18:22,,,,admin,,10181,153,50,810.0,145.8,955.8,wc-completed
10190,2024-05-22 17:18:22,,,,admin,,10184,153,50,810.0,145.8,955.8,wc-completed
10193,2024-05-22 17:39:49,,,,admin,,10133,182,5,3405.0,612.9,4017.9,wc-completed
10199,2024-05-22 20:54:56,Desktop,88,2024-05-23 00:42:23,typein,(direct),5674,119,50,1250.0,225.0,1475.0,wc-completed
10200,2024-05-22 21:24:49,Desktop,46,2024-05-23 02:13:04,organic,google,7119,26,5,1540.0,277.2,1817.2,wc-completed
10200,2024-05-22 21:24:49,Desktop,46,2024-05-23 02:13:04,organic,google,5982,26,3,855.0,153.9,1008.9,wc-completed
10200,2024-05-22 21:24:49,Desktop,46,2024-05-23 02:13:04,organic,google,6023,26,3,1122.0,201.96,1323.96,wc-completed
10211,2024-05-23 08:52:59,Mobile,8,2024-05-23 13:48:37,typein,(direct),1136,172,1,919.0,165.42,1084.42,wc-completed
10213,2024-05-23 09:06:54,,,,admin,,528,179,4,2880.0,518.4,3398.4,wc-completed
10213,2024-05-23 09:06:54,,,,admin,,10212,179,2,1298.0,233.64,1531.64,wc-completed
10218,2024-05-23 09:23:19,Desktop,6,2024-05-23 12:26:22,organic,google,10212,119,5,3245.0,584.1,3829.1,wc-completed
10219,2024-05-23 09:29:40,Desktop,5,2024-05-23 02:13:04,organic,google,10212,26,5,3245.0,584.1,3829.1,wc-completed
10220,2024-05-23 09:39:29,Desktop,11,2024-05-23 02:13:04,organic,google,3741,26,10,6550.0,1179.0,7729.0,wc-completed
10250,2024-05-24 09:36:08,,,,admin,,5428,189,3,3402.0,612.36,4014.36,wc-completed
10275,2024-05-24 12:36:56,Desktop,16,2024-05-22 14:53:44,typein,(direct),10272,80,7,4256.0,766.08,5022.08,wc-completed
10280,2024-05-24 15:20:33,,,,admin,,963,153,100,5900.0,1062.0,6962.0,wc-completed
10323,2024-05-24 17:28:26,,,,admin,,10320,172,5,2305.0,414.9,2719.9,wc-completed
10336,2024-05-25 10:21:51,,,,admin,,10315,43,4,4720.0,849.6,5569.6,wc-completed
10337,2024-05-25 11:08:22,,,,admin,,10315,179,4,4720.0,849.6,5569.6,wc-completed
10350,2024-05-27 10:09:07,Desktop,9,2024-05-23 02:13:04,organic,google,10259,26,5,2650.0,477.0,3127.0,wc-completed
10351,2024-05-27 10:31:38,Desktop,26,2024-05-27 15:19:42,typein,(direct),6436,29,3,1785.0,321.3,2106.3,wc-completed
10353,2024-05-27 12:00:36,Desktop,26,2024-05-27 16:37:31,typein,(direct),7610,29,2,1180.0,212.4,1392.4,wc-completed
10533,2024-05-28 11:40:45,Mobile,7,2024-05-28 16:37:05,typein,(direct),3732,43,3,1977.0,355.86,2332.86,wc-completed
10662,2024-05-28 17:03:40,Desktop,9,2024-05-23 02:13:04,organic,google,10612,26,4,1768.0,318.24,2086.24,wc-completed
10726,2024-05-29 12:18:29,Desktop,15,2024-05-23 02:13:04,organic,google,5250,26,10,4320.0,777.6,5097.6,wc-completed
10727,2024-05-29 12:54:47,Desktop,16,2024-05-29 17:27:31,typein,(direct),2485,172,4,480.0,86.4,566.4,wc-completed
10728,2024-05-29 12:59:08,Desktop,5,2024-05-29 16:29:52,typein,(direct),4649,43,3,1497.0,269.46,1766.46,wc-completed
10762,2024-05-29 18:21:23,Desktop,3,2024-05-29 17:27:31,typein,(direct),6163,172,1,828.0,149.04,977.04,wc-completed
10787,2024-05-30 11:53:04,,,,admin,,524,179,5,1945.0,350.1,2295.1,wc-completed
10826,2024-05-31 10:15:14,,,,admin,,5428,189,2,2268.0,408.24,2676.24,wc-completed
10841,2024-05-31 11:06:53,Desktop,12,2024-05-31 15:48:54,typein,(direct),614,174,6,2952.0,531.36,3483.36,wc-processing
10895,2024-05-31 14:04:33,Desktop,4,2024-05-31 00:03:53,typein,(direct),6163,26,4,3312.0,596.16,3908.16,wc-completed
10912,2024-05-31 16:02:15,Desktop,7,2024-05-31 00:03:53,typein,(direct),7631,26,5,5060.0,910.8,5970.8,wc-completed
11049,2024-05-31 17:22:22,,,,admin,,6436,182,2,1190.0,214.2,1404.2,wc-completed
11053,2024-05-31 18:10:10,,,,admin,,524,182,2,748.0,134.64,882.64,wc-completed
11062,2024-06-01 15:14:50,Desktop,10,2024-06-01 20:12:53,typein,(direct),6685,29,5,1350.0,243.0,1593.0,wc-completed
11205,2024-06-03 10:46:10,Desktop,6,2024-06-03 14:52:41,typein,(direct),6685,80,30,8100.0,1458.0,9558.0,wc-completed
11434,2024-06-03 13:58:06,Desktop,4,2024-06-03 18:54:43,typein,(direct),11040,26,2,1060.0,190.8,1250.8,wc-completed
11498,2024-06-04 09:11:45,Mobile,7,2024-06-04 14:09:32,typein,(direct),10565,26,3,972.0,174.96,1146.96,wc-completed
11499,2024-06-04 09:13:13,Mobile,11,2024-06-04 14:09:32,typein,(direct),4964,26,10,4210.0,757.8,4967.8,wc-completed
11512,2024-06-04 13:13:56,Desktop,3,2024-06-04 17:28:45,typein,(direct),6685,80,30,8100.0,1458.0,9558.0,wc-completed
11513,2024-06-04 14:07:47,Desktop,7,2024-06-04 18:49:38,typein,(direct),5372,43,1,1409.0,253.62,1662.62,wc-completed
11532,2024-06-04 17:31:59,,,,admin,,5542,182,40,400.0,72.0,472.0,wc-completed
11534,2024-06-04 18:09:42,Desktop,11,2024-06-03 18:54:43,typein,(direct),11008,26,9,2790.0,502.2,3292.2,wc-completed
11535,2024-06-04 18:13:02,,,,admin,,5372,189,2,2818.0,507.24,3325.24,wc-completed
11564,2024-06-05 10:49:43,Desktop,10,2024-06-05 15:43:13,typein,(direct),10212,60,1,649.0,116.82,765.82,wc-completed
11588,2024-06-05 14:02:15,Desktop,17,2024-06-04 16:39:46,typein,(direct),5542,30,10,100.0,18.0,118.0,wc-completed
11672,2024-06-06 15:32:39,,,,admin,,11630,182,50,600.0,108.0,708.0,wc-completed
11673,2024-06-06 15:36:32,Desktop,13,2024-06-06 16:49:42,organic,google,11630,30,10,120.0,21.6,141.6,wc-completed
11673,2024-06-06 15:36:32,Desktop,13,2024-06-06 16:49:42,organic,google,11668,30,5,1350.0,243.0,1593.0,wc-completed
11706,2024-06-06 17:53:47,Desktop,113,2024-06-06 16:47:17,typein,(direct),10315,60,1,1244.0,223.92,1467.92,wc-completed
11706,2024-06-06 17:53:47,Desktop,113,2024-06-06 16:47:17,typein,(direct),10617,60,1,1044.0,187.92,1231.92,wc-completed
11706,2024-06-06 17:53:47,Desktop,113,2024-06-06 16:47:17,typein,(direct),5372,60,1,1389.0,250.02,1639.02,wc-completed
11706,2024-06-06 17:53:47,Desktop,113,2024-06-06 16:47:17,typein,(direct),3571,60,1,1687.0,303.66,1990.66,wc-completed
11713,2024-06-07 09:32:55,Desktop,6,2024-06-07 14:31:26,typein,(direct),5095,80,6,3648.0,656.64,4304.64,wc-completed
11789,2024-06-10 10:49:23,Desktop,16,2024-06-10 15:41:19,typein,(direct),4080,119,20,700.0,126.0,826.0,wc-completed
11789,2024-06-10 10:49:23,Desktop,16,2024-06-10 15:41:19,typein,(direct),3469,119,40,1040.0,187.2,1227.2,wc-completed
11801,2024-06-10 12:37:10,Desktop,5,2024-06-10 16:03:43,typein,(direct),11668,80,14,3780.0,680.4,4460.4,wc-completed
11958,2024-06-11 09:21:00,Mobile,7,2024-06-11 14:16:32,typein,(direct),2872,26,7,3556.0,640.08,4196.08,wc-completed
11963,2024-06-11 10:19:11,Desktop,6,2024-06-11 15:12:08,typein,(direct),2747,80,8,4760.0,856.8,5616.8,wc-completed
12067,2024-06-11 18:25:13,,,,admin,,1140,43,1,707.0,127.26,834.26,wc-completed
12073,2024-06-12 07:51:17,,,,admin,,5178,26,1,584.0,105.12,689.12,wc-completed
12073,2024-06-12 07:51:17,,,,admin,,1145,26,1,919.0,165.42,1084.42,wc-completed
12073,2024-06-12 07:51:17,,,,admin,,1136,26,1,973.0,175.14,1148.14,wc-completed
12105,2024-06-12 19:48:28,Desktop,6,2024-06-03 18:54:43,typein,(direct),6028,26,1,467.0,84.06,551.06,wc-completed
12105,2024-06-12 19:48:28,Desktop,6,2024-06-03 18:54:43,typein,(direct),7105,26,1,612.0,110.16,722.16,wc-completed
12117,2024-06-13 09:44:47,Mobile,5,2024-06-13 04:43:49,typein,(direct),6812,26,5,3600.0,648.0,4248.0,wc-completed
12125,2024-06-13 11:21:41,Desktop,12,2024-06-03 18:54:43,typein,(direct),570,26,2,1794.0,322.92,2116.92,wc-completed
12138,2024-06-13 13:14:24,Desktop,5,2024-06-03 18:54:43,typein,(direct),12137,26,3,2025.0,364.5,2389.5,wc-completed
12138,2024-06-13 13:14:24,Desktop,5,2024-06-03 18:54:43,typein,(direct),4976,26,5,2540.0,457.2,2997.2,wc-completed
12186,2024-06-13 16:30:52,Desktop,5,2024-06-13 15:10:12,typein,(direct),5178,60,1,432.0,77.76,509.76,wc-completed
12192,2024-06-13 16:51:41,Desktop,12,2024-06-13 15:10:12,typein,(direct),5178,60,4,1728.0,311.04,2039.04,wc-completed
12193,2024-06-13 16:56:16,,,,admin,,12187,245,2,756.0,136.08,892.08,wc-completed
12193,2024-06-13 16:56:16,,,,admin,,641,245,2,716.0,128.88,844.88,wc-completed
12342,2024-06-14 16:09:53,,,,admin,,5674,248,100,2500.0,450.0,2950.0,wc-completed
12396,2024-06-15 11:47:12,Desktop,13,2024-06-15 16:31:36,typein,(direct),10594,60,1,865.0,155.7,1020.7,wc-completed
12433,2024-06-17 11:18:06,Desktop,2,2024-06-17 15:42:52,typein,(direct),12308,60,1,973.0,175.14,1148.14,wc-completed
12438,2024-06-17 11:31:15,,,,admin,,11832,29,3,3570.0,642.6,4212.6,wc-completed
12442,2024-06-17 13:12:10,,,,admin,,10828,30,3,3408.0,613.44,4021.44,wc-completed
12462,2024-06-17 21:25:55,Mobile,14,2024-06-18 02:20:55,typein,(direct),10945,26,10,5080.0,914.4,5994.4,wc-completed
12463,2024-06-17 21:27:10,Mobile,18,2024-06-18 02:20:55,typein,(direct),5435,26,5,5680.0,1022.4,6702.4,wc-completed
12464,2024-06-17 21:33:12,Mobile,45,2024-06-18 02:32:03,typein,(direct),4291,26,6,1788.0,321.84,2109.84,wc-completed
12472,2024-06-18 09:48:11,Mobile,8,2024-06-18 14:47:01,typein,(direct),12254,26,1,897.0,161.46,1058.46,wc-completed
12733,2024-06-20 13:55:51,,,,admin,,6806,260,3,1542.0,277.56,1819.56,wc-completed
12733,2024-06-20 13:55:51,,,,admin,,1591,260,3,291.0,52.38,343.38,wc-completed
12733,2024-06-20 13:55:51,,,,admin,,4554,260,3,1068.0,192.24,1260.24,wc-completed
12735,2024-06-20 14:39:32,Desktop,15,2024-06-20 19:20:47,typein,(direct),1136,60,1,916.0,164.88,1080.88,wc-completed
12742,2024-06-20 17:25:35,Desktop,3,2024-06-15 17:36:02,typein,(direct),12714,26,8,544.0,97.92,641.92,wc-completed
12743,2024-06-20 17:27:21,Desktop,8,2024-06-15 17:36:02,typein,(direct),4339,26,10,5580.0,1004.4,6584.4,wc-completed
12744,2024-06-20 18:12:36,Desktop,12,2024-06-15 17:36:02,typein,(direct),12740,26,3,126.0,22.68,148.68,wc-completed
12778,2024-06-21 10:26:29,Desktop,3,2024-06-15 17:36:02,typein,(direct),6654,26,1,947.0,170.46,1117.46,wc-completed
12787,2024-06-21 11:17:16,,,,admin,,12759,30,2,886.0,159.48,1045.48,wc-completed
12800,2024-06-21 13:04:26,Mobile,7,2024-06-20 14:58:13,typein,(direct),12759,26,4,1772.0,318.96,2090.96,wc-completed
12802,2024-06-21 14:24:12,,,,admin,,6685,268,5,1350.0,243.0,1593.0,wc-completed
12810,2024-06-21 15:03:11,Desktop,16,2024-06-21 19:23:42,organic,google,10181,270,30,360.0,64.8,424.8,wc-completed
12830,2024-06-22 08:15:26,,,,admin,,7742,257,1,1190.0,214.2,1404.2,wc-completed
12830,2024-06-22 08:15:26,,,,admin,,12546,257,1,1493.0,268.74,1761.74,wc-completed
12830,2024-06-22 08:15:26,,,,admin,,10828,257,2,2292.0,412.56,2704.56,wc-completed
12830,2024-06-22 08:15:26,,,,admin,,1136,257,1,916.0,164.88,1080.88,wc-completed
12831,2024-06-22 08:22:02,,,,admin,,7742,272,1,1190.0,214.2,1404.2,wc-completed
12831,2024-06-22 08:22:02,,,,admin,,12546,272,1,1493.0,268.74,1761.74,wc-completed
12831,2024-06-22 08:22:02,,,,admin,,10828,272,2,2292.0,412.56,2704.56,wc-completed
12831,2024-06-22 08:22:02,,,,admin,,1136,272,1,916.0,164.88,1080.88,wc-completed
12957,2024-06-24 11:22:57,Desktop,7,2024-06-24 16:19:07,organic,google,12946,265,10,4540.0,817.2,5357.2,wc-completed
12959,2024-06-24 11:33:18,Desktop,19,2024-06-24 16:19:07,organic,google,3584,265,4,2812.0,506.16,3318.16,wc-completed
12959,2024-06-24 11:33:18,Desktop,19,2024-06-24 16:19:07,organic,google,3583,265,2,1406.0,253.08,1659.08,wc-completed
13019,2024-06-25 14:05:23,Desktop,9,2024-06-13 12:16:23,typein,(direct),12924,172,1,914.0,164.52,1078.52,wc-completed
13019,2024-06-25 14:05:23,Desktop,9,2024-06-13 12:16:23,typein,(direct),12948,172,1,757.0,136.26,893.26,wc-completed
13201,2024-06-26 16:13:49,Desktop,9,2024-06-26 21:10:57,typein,(direct),13169,43,3,3081.0,554.58,3635.58,wc-completed
13217,2024-06-26 17:24:23,,,,admin,,13169,30,3,3081.0,554.58,3635.58,wc-completed
13224,2024-06-27 06:41:22,,,,admin,,12903,268,2,756.0,136.08,892.08,wc-completed
13317,2024-06-27 18:53:16,,,,admin,,12908,75,2,1414.0,254.52,1668.52,wc-completed
13330,2024-06-28 11:14:25,,,,admin,,11668,235,6,1620.0,291.6,1911.6,wc-completed
13350,2024-06-28 13:10:13,,,,admin,,10184,279,150,1950.0,351.0,2301.0,wc-completed
13353,2024-06-28 14:29:59,,,,admin,,10181,279,806,9672.0,1740.96,11412.96,wc-completed
13357,2024-06-28 15:10:51,Desktop,5,2024-06-24 16:19:07,organic,google,12924,265,3,2742.0,493.56,3235.56,wc-completed
13361,2024-06-28 16:34:43,Mobile,11,2024-06-28 21:32:17,typein,(direct),4376,295,20,13540.0,2437.2,15977.2,wc-completed
13404,2024-07-01 16:03:47,Mobile,7,2024-07-01 21:02:34,typein,(direct),4376,26,10,6910.0,1243.8,8153.8,wc-processing
13408,2024-07-02 07:38:56,Mobile,7,2024-07-01 21:02:34,typein,(direct),12958,26,1,915.0,164.7,1079.7,wc-completed
13409,2024-07-02 07:40:33,Mobile,12,2024-07-01 21:02:34,typein,(direct),11832,26,1,1213.0,218.34,1431.34,wc-completed
13439,2024-07-02 13:27:57,Desktop,9,2024-06-24 16:19:07,organic,google,10945,265,2,990.0,178.2,1168.2,wc-completed
13440,2024-07-02 13:28:56,Desktop,15,2024-06-24 16:19:07,organic,google,10945,265,10,4950.0,891.0,5841.0,wc-completed
13454,2024-07-02 18:12:14,,,,admin,,12928,302,1,530.0,95.4,625.4,wc-completed
13455,2024-07-02 23:26:31,Mobile,17,2024-07-02 15:18:26,typein,(direct),7115,26,5,2075.0,373.5,2448.5,wc-processing
13468,2024-07-03 09:52:27,,,,admin,,13451,268,20,220.0,39.6,259.6,wc-completed
13468,2024-07-03 09:52:27,,,,admin,,13447,268,10,180.0,32.4,212.4,wc-completed
13485,2024-07-03 10:54:30,,,,admin,,12956,306,5,2055.0,369.9,2424.9,wc-completed
13494,2024-07-03 12:15:24,Desktop,6,2024-07-03 17:13:40,typein,(direct),5095,80,6,3726.0,670.68,4396.68,wc-completed
13495,2024-07-03 12:34:46,Desktop,11,2024-07-03 17:30:47,typein,(direct),12915,60,1,850.0,153.0,1003.0,wc-completed
13498,2024-07-03 13:05:54,,,,admin,,13088,189,1,1802.0,324.36,2126.36,wc-completed
13505,2024-07-03 16:08:51,,,,admin,,12274,26,6,5730.0,1031.4,6761.4,wc-completed
13508,2024-07-03 17:00:23,,,,admin,,12928,153,1,530.0,95.4,625.4,wc-completed
13508,2024-07-03 17:00:23,,,,admin,,12956,153,6,2508.0,451.44,2959.44,wc-completed
13527,2024-07-04 13:30:41,Desktop,13,2024-07-04 18:24:40,typein,(direct),13447,60,14,252.0,45.36,297.36,wc-completed
13527,2024-07-04 13:30:41,Desktop,13,2024-07-04 18:24:40,typein,(direct),13445,60,10,200.0,36.0,236.0,wc-completed
13528,2024-07-04 14:17:53,Desktop,12,2024-07-04 18:49:56,typein,(direct),12956,172,1,418.0,75.24,493.24,wc-completed
13529,2024-07-04 16:47:22,,,,admin,,13488,30,4,4796.0,863.28,5659.28,wc-completed
13531,2024-07-04 17:40:32,Desktop,8,2024-07-03 15:30:19,organic,google,12956,26,3,1254.0,225.72,1479.72,wc-completed
13532,2024-07-04 18:44:57,Desktop,47,2024-07-03 15:30:19,organic,google,5435,26,3,3444.0,619.92,4063.92,wc-processing
13550,2024-07-05 12:27:39,Mobile,8,2024-07-05 17:23:37,typein,(direct),4429,26,1,478.0,86.04,564.04,wc-completed
13550,2024-07-05 12:27:39,Mobile,8,2024-07-05 17:23:37,typein,(direct),13080,26,3,2601.0,468.18,3069.18,wc-completed
13551,2024-07-05 12:29:09,Mobile,12,2024-07-05 17:23:37,typein,(direct),13079,26,5,3305.0,594.9,3899.9,wc-completed
13553,2024-07-05 12:48:49,Mobile,16,2024-07-05 17:43:29,typein,(direct),13433,324,1,765.0,137.7,902.7,wc-completed
13555,2024-07-05 15:20:27,Desktop,4,2024-07-03 15:30:19,organic,google,13554,26,10,4400.0,792.0,5192.0,wc-completed
13574,2024-07-06 17:19:31,,,,admin,,13569,308,2,2048.0,368.64,2416.64,wc-completed
13576,2024-07-07 19:10:42,Desktop,11,2024-07-05 20:02:11,typein,(direct),5674,119,50,1350.0,243.0,1593.0,wc-completed
13456,2024-07-03 07:20:41,,,,admin,,5852,75,3,291.0,52.38,343.38,wc-completed
13456,2024-07-03 07:20:41,,,,admin,,5850,75,3,294.0,52.92,346.92,wc-completed
13596,2024-07-08 15:34:43,Desktop,7,2024-07-03 15:30:19,organic,google,13594,26,10,7050.0,1269.0,8319.0,wc-completed
13695,2024-07-08 16:39:01,,,,admin,,13554,30,2,880.0,158.4,1038.4,wc-completed
13697,2024-07-08 16:55:17,,,,admin,,13698,327,5,2315.0,416.7,2731.7,wc-completed
13699,2024-07-08 17:06:28,,,,admin,,13698,26,10,4630.0,833.4,5463.4,wc-completed
13751,2024-07-09 12:21:39,,,,admin,,12913,245,4,1428.0,257.04,1685.04,wc-completed
13753,2024-07-09 13:12:51,,,,admin,,13451,189,80,880.0,158.4,1038.4,wc-completed
13754,2024-07-09 14:05:58,,,,admin,,12903,182,3,1155.0,207.9,1362.9,wc-completed
13754,2024-07-09 14:05:58,,,,admin,,12956,182,4,1676.0,301.68,1977.68,wc-completed
13754,2024-07-09 14:05:58,,,,admin,,13248,182,5,1210.0,217.8,1427.8,wc-completed
13761,2024-07-09 16:45:06,,,,admin,,12903,306,1,385.0,69.3,454.3,wc-completed
13761,2024-07-09 16:45:06,,,,admin,,12956,306,1,419.0,75.42,494.42,wc-completed
13762,2024-07-09 17:14:46,,,,admin,,13437,279,20,1340.0,241.2,1581.2,wc-completed
13762,2024-07-09 17:14:46,,,,admin,,12956,279,5,2095.0,377.1,2472.1,wc-completed
13765,2024-07-10 07:45:31,,,,admin,,12956,29,5,2095.0,377.1,2472.1,wc-completed
13766,2024-07-10 08:11:44,,,,admin,,12956,265,15,6285.0,1131.3,7416.3,wc-completed
13766,2024-07-10 08:11:44,,,,admin,,12908,265,2,1408.0,253.44,1661.44,wc-completed
13787,2024-07-10 11:49:26,,,,admin,,13488,189,1,1208.0,217.44,1425.44,wc-completed
13791,2024-07-10 13:04:13,,,,admin,,6786,268,2,904.0,162.72,1066.72,wc-completed
13808,2024-07-10 18:02:42,Desktop,14,2024-07-10 16:33:20,typein,(direct),12905,60,1,1189.0,214.02,1403.02,wc-completed
13808,2024-07-10 18:02:42,Desktop,14,2024-07-10 16:33:20,typein,(direct),13488,60,1,1208.0,217.44,1425.44,wc-completed
13814,2024-07-11 08:58:01,,,,admin,,11981,344,1,1961.0,352.98,2313.98,wc-completed
13822,2024-07-11 11:17:29,Desktop,24,2024-07-11 15:24:29,typein,(direct),12274,60,1,991.0,178.38,1169.38,wc-completed
13828,2024-07-11 14:39:08,,,,admin,,13488,29,1,1208.0,217.44,1425.44,wc-completed
13828,2024-07-11 14:39:08,,,,admin,,12910,29,2,1274.0,229.32,1503.32,wc-completed
13829,2024-07-11 15:04:35,,,,admin,,12936,350,1,157.0,28.26,185.26,wc-completed
13846,2024-07-12 11:03:45,Desktop,11,2024-07-12 15:57:41,typein,(direct),12309,60,3,3105.0,558.9,3663.9,wc-completed
13873,2024-07-15 09:38:22,Mobile,7,2024-07-15 14:26:07,typein,(direct),13248,146,1,242.0,43.56,285.56,wc-completed
13874,2024-07-15 09:41:15,Mobile,7,2024-07-15 14:39:53,typein,(direct),13509,26,7,5481.0,986.58,6467.58,wc-processing
13875,2024-07-15 09:43:34,,,,admin,,13445,279,90,1800.0,324.0,2124.0,wc-completed
13875,2024-07-15 09:43:34,,,,admin,,12913,279,3,1071.0,192.78,1263.78,wc-completed
13916,2024-07-16 07:26:26,,,,admin,,13488,363,1,1208.0,217.44,1425.44,wc-completed
13927,2024-07-16 10:36:06,Desktop,10,2024-07-16 15:31:31,typein,(direct),13594,60,2,1388.0,249.84,1637.84,wc-completed
13936,2024-07-16 10:52:42,,,,admin,,13594,279,30,20820.0,3747.6,24567.6,wc-completed
13939,2024-07-16 12:40:03,Desktop,7,2024-07-16 15:05:34,typein,(direct),13824,295,5,5120.0,921.6,6041.6,wc-completed
13958,2024-07-17 09:49:59,,,,admin,,12956,279,2,838.0,150.84,988.84,wc-completed
13959,2024-07-17 10:05:44,,,,admin,,13941,189,1,1388.0,249.84,1637.84,wc-completed
13986,2024-07-18 12:02:23,,,,admin,,12910,43,2,1274.0,229.32,1503.32,wc-completed
13988,2024-07-18 12:29:43,,,,admin,,12956,279,5,2095.0,377.1,2472.1,wc-completed
13994,2024-07-18 15:06:31,,,,admin,,13088,189,1,1802.0,324.36,2126.36,wc-completed
14009,2024-07-18 16:50:13,Desktop,8,2024-07-18 18:58:45,typein,(direct),14001,60,10,500.0,90.0,590.0,wc-completed
14009,2024-07-18 16:50:13,Desktop,8,2024-07-18 18:58:45,typein,(direct),13995,60,10,650.0,117.0,767.0,wc-completed
14048,2024-07-19 15:27:05,,,,admin,,13488,189,2,2416.0,434.88,2850.88,wc-completed
14214,2024-07-22 10:09:51,,,,admin,,14215,172,20,980.0,176.4,1156.4,wc-completed
14224,2024-07-22 12:05:59,,,,admin,,13746,153,4,2056.0,370.08,2426.08,wc-completed
14224,2024-07-22 12:05:59,,,,admin,,13449,153,100,1500.0,270.0,1770.0,wc-completed
14227,2024-07-22 14:10:12,,,,admin,,12956,268,3,1257.0,226.26,1483.26,wc-completed
14250,2024-07-24 10:27:05,,,,admin,,13433,394,1,765.0,137.7,902.7,wc-completed
14254,2024-07-24 11:19:04,,,,admin,,12913,279,3,1071.0,192.78,1263.78,wc-completed
14259,2024-07-24 12:06:26,,,,admin,,10594,189,3,2445.0,440.1,2885.1,wc-completed
14278,2024-07-25 08:03:38,,,,admin,,6806,153,12,6048.0,1088.64,7136.64,wc-completed
14286,2024-07-25 10:33:35,,,,admin,,14253,306,3,3066.0,551.88,3617.88,wc-completed
14297,2024-07-25 12:44:25,,,,admin,,12956,279,3,1257.0,226.26,1483.26,wc-completed
14297,2024-07-25 12:44:25,,,,admin,,14289,279,20,940.0,169.2,1109.2,wc-completed
14304,2024-07-25 13:56:39,Desktop,5,2024-07-25 18:54:41,typein,(direct),13594,295,15,9915.0,1784.7,11699.7,wc-completed
14341,2024-07-26 14:39:13,,,,admin,,14001,43,100,4700.0,846.0,5546.0,wc-completed
14345,2024-07-26 15:51:15,,,,admin,,14291,153,2,1382.0,248.76,1630.76,wc-completed
14348,2024-07-26 19:32:10,,,,admin,,3562,406,6,6606.0,1189.08,7795.08,wc-completed
14359,2024-07-27 19:21:18,Desktop,6,2024-07-28 00:17:49,typein,(direct),1134,43,2,3024.0,544.32,3568.32,wc-completed
14392,2024-07-30 13:15:52,,,,admin,,13442,429,30,630.0,113.4,743.4,wc-completed
14393,2024-07-30 14:56:21,,,,admin,,13437,43,20,1340.0,241.2,1581.2,wc-completed
14402,2024-07-30 16:40:08,Desktop,33,2024-07-03 15:30:19,organic,google,14133,430,5,2145.0,386.1,2531.1,wc-completed
14409,2024-07-30 17:39:12,,,,admin,,13442,432,20,420.0,75.6,495.6,wc-completed
14410,2024-07-30 17:59:54,Desktop,22,2024-07-30 22:41:33,typein,(direct),4189,80,10,4730.0,851.4,5581.4,wc-completed
14516,2024-07-31 08:26:21,Desktop,9,2024-07-27 12:00:08,typein,(direct),12956,172,2,838.0,150.84,988.84,wc-completed
14516,2024-07-31 08:26:21,Desktop,9,2024-07-27 12:00:08,typein,(direct),14253,172,1,1022.0,183.96,1205.96,wc-completed
14523,2024-07-31 08:58:41,,,,admin,,14001,279,125,5875.0,1057.5,6932.5,wc-completed
14548,2024-07-31 11:07:29,Desktop,10,2024-07-31 15:38:07,typein,(direct),12550,80,10,5500.0,990.0,6490.0,wc-completed
14550,2024-07-31 11:29:12,Desktop,14,2024-07-31 15:38:07,typein,(direct),14549,80,10,6500.0,1170.0,7670.0,wc-completed
14570,2024-07-31 16:32:00,Desktop,8,2024-07-03 15:30:19,organic,google,14551,430,10,1850.0,333.0,2183.0,wc-completed
14571,2024-07-31 17:00:13,Desktop,17,2024-07-31 19:36:35,typein,(direct),14536,119,100,2500.0,450.0,2950.0,wc-completed
14572,2024-07-31 18:07:04,,,,admin,,14253,279,1,1022.0,183.96,1205.96,wc-completed
14578,2024-07-31 18:29:26,Desktop,64,2024-07-31 21:35:16,typein,(direct),2786,60,1,954.0,171.72,1125.72,wc-completed
14604,2024-08-01 10:35:50,,,,admin,,14587,279,4,2772.0,498.96,3270.96,wc-completed
14610,2024-08-01 12:22:35,Desktop,7,2024-07-03 15:30:19,organic,google,12946,430,5,2695.0,485.1,3180.1,wc-completed
14614,2024-08-01 12:42:05,,,,admin,,14587,279,4,2772.0,498.96,3270.96,wc-processing
14751,2024-08-02 08:31:57,,,,admin,,14536,248,100,2500.0,450.0,2950.0,wc-completed
14761,2024-08-02 10:30:50,,,,admin,,14289,279,20,940.0,169.2,1109.2,wc-completed
14786,2024-08-02 13:42:11,Desktop,19,2024-08-02 18:18:22,typein,(direct),12952,119,2,1106.0,199.08,1305.08,wc-completed
14787,2024-08-02 14:03:53,,,,admin,,12956,279,2,838.0,150.84,988.84,wc-completed
14790,2024-08-02 15:04:22,,,,admin,,14551,30,5,925.0,166.5,1091.5,wc-completed
14802,2024-08-02 17:56:00,Desktop,9,2024-08-02 22:28:55,typein,(direct),2418,442,44,6776.0,1219.68,7995.68,wc-completed
14806,2024-08-02 18:58:28,Desktop,12,2024-07-03 15:30:19,organic,google,2418,430,36,5544.0,997.92,6541.92,wc-completed
14811,2024-08-04 12:12:04,Desktop,21,2024-08-02 17:19:33,typein,(direct),12956,172,3,1257.0,226.26,1483.26,wc-completed
14812,2024-08-04 12:55:58,Desktop,43,2024-08-02 17:19:33,typein,(direct),14549,172,3,2079.0,374.22,2453.22,wc-completed
14813,2024-08-04 22:30:53,Mobile,24,2024-08-05 03:12:21,typein,(direct),10785,26,3,141.0,25.38,166.38,wc-completed
14814,2024-08-04 22:41:47,Mobile,33,2024-08-05 03:12:21,typein,(direct),2678,26,1,1035.0,186.3,1221.3,wc-completed
14816,2024-08-04 22:45:37,Mobile,45,2024-08-05 03:12:21,typein,(direct),14098,26,4,1312.0,236.16,1548.16,wc-completed
14817,2024-08-05 08:55:49,,,,admin,,14549,29,5,3250.0,585.0,3835.0,wc-completed
14824,2024-08-05 10:23:48,,,,admin,,10945,448,3,1485.0,267.3,1752.3,wc-completed
14834,2024-08-05 12:18:50,Desktop,20,2024-07-03 15:30:19,organic,google,12908,430,2,1408.0,253.44,1661.44,wc-completed
14834,2024-08-05 12:18:50,Desktop,20,2024-07-03 15:30:19,organic,google,14595,430,2,1586.0,285.48,1871.48,wc-completed
14840,2024-08-05 14:19:37,Desktop,4,2024-08-05 19:11:14,typein,(direct),14549,441,3,1950.0,351.0,2301.0,wc-completed
14863,2024-08-05 22:57:52,Mobile,44,2024-08-06 03:08:35,typein,(direct),14086,430,3,354.0,63.72,417.72,wc-completed
14863,2024-08-05 22:57:52,Mobile,44,2024-08-06 03:08:35,typein,(direct),14100,430,3,765.0,137.7,902.7,wc-completed
14863,2024-08-05 22:57:52,Mobile,44,2024-08-06 03:08:35,typein,(direct),14099,430,3,1227.0,220.86,1447.86,wc-completed
14863,2024-08-05 22:57:52,Mobile,44,2024-08-06 03:08:35,typein,(direct),14101,430,3,765.0,137.7,902.7,wc-completed
14864,2024-08-05 23:01:31,Mobile,53,2024-08-06 03:08:35,typein,(direct),4429,430,5,2325.0,418.5,2743.5,wc-completed
14876,2024-08-06 10:58:16,,,,admin,,14871,279,58,4756.0,856.08,5612.08,wc-completed
14888,2024-08-07 09:24:21,,,,admin,,13437,435,2,134.0,24.12,158.12,wc-completed
14899,2024-08-07 13:22:24,,,,admin,,12956,153,4,1676.0,301.68,1977.68,wc-completed
14888,2024-08-07 09:24:21,,,,admin,,12926,435,1,411.0,73.98,484.98,wc-completed
14901,2024-08-07 15:36:30,Desktop,9,2024-07-03 15:30:19,organic,google,12908,26,2,1408.0,253.44,1661.44,wc-completed
14902,2024-08-07 16:27:06,Desktop,7,2024-08-07 16:58:16,typein,(direct),12956,60,2,838.0,150.84,988.84,wc-completed
14903,2024-08-07 17:01:22,Desktop,9,2024-07-03 15:30:19,organic,google,13609,430,2,2272.0,408.96,2680.96,wc-completed
14906,2024-08-07 17:43:22,Desktop,4,2024-07-03 15:30:19,organic,google,13606,430,2,1944.0,349.92,2293.92,wc-completed
14908,2024-08-07 20:20:37,Desktop,7,2024-07-03 15:30:19,organic,google,12956,430,7,2933.0,527.94,3460.94,wc-completed
14916,2024-08-08 10:10:49,,,,admin,,12913,279,5,1785.0,321.3,2106.3,wc-completed
14916,2024-08-08 10:10:49,,,,admin,,13437,279,2,134.0,24.12,158.12,wc-completed
14919,2024-08-08 12:16:35,,,,admin,,12936,450,10,1570.0,282.6,1852.6,wc-completed
14921,2024-08-08 15:56:10,,,,admin,,12913,279,1,357.0,64.26,421.26,wc-completed
14922,2024-08-08 15:58:47,Desktop,8,2024-07-03 15:30:19,organic,google,14915,430,2,1444.0,259.92,1703.92,wc-completed
14925,2024-08-08 18:04:26,Desktop,1,2024-08-08 16:43:06,typein,(direct),14745,456,20,8800.0,1584.0,10384.0,wc-completed
14921,2024-08-08 15:56:10,,,,admin,,13437,279,5,335.0,60.3,395.3,wc-completed
14921,2024-08-08 15:56:10,,,,admin,,12956,279,2,838.0,150.84,988.84,wc-completed
14930,2024-08-09 09:48:07,Desktop,3,2024-07-03 15:30:19,organic,google,4189,430,5,2310.0,415.8,2725.8,wc-completed
14936,2024-08-09 12:56:11,,,,admin,,14536,248,100,2500.0,450.0,2950.0,wc-completed
14948,2024-08-09 17:09:12,,,,admin,,13594,189,5,3250.0,585.0,3835.0,wc-completed
14949,2024-08-09 17:47:43,Mobile,8,2024-08-09 22:46:23,typein,(direct),2418,442,5,785.0,141.3,926.3,wc-completed
14950,2024-08-09 22:12:00,Desktop,33,2024-07-03 15:30:19,organic,google,13081,430,3,2298.0,413.64,2711.64,wc-completed
14950,2024-08-09 22:12:00,Desktop,33,2024-07-03 15:30:19,organic,google,12946,430,5,2805.0,504.9,3309.9,wc-completed
14950,2024-08-09 22:12:00,Desktop,33,2024-07-03 15:30:19,organic,google,10594,430,1,799.0,143.82,942.82,wc-completed
14952,2024-08-09 23:05:28,Desktop,1,2024-07-03 15:30:19,organic,google,12956,430,11,4609.0,829.62,5438.62,wc-completed
14984,2024-08-12 12:06:33,,,,admin,,14592,189,3,3042.0,547.56,3589.56,wc-completed
14987,2024-08-12 14:13:36,Desktop,18,2024-08-12 18:50:29,typein,(direct),14028,60,1,47.0,8.46,55.46,wc-completed
14987,2024-08-12 14:13:36,Desktop,18,2024-08-12 18:50:29,typein,(direct),14034,60,1,70.0,12.6,82.6,wc-completed
14988,2024-08-12 14:17:09,Desktop,23,2024-08-12 18:50:29,typein,(direct),14524,60,20,1100.0,198.0,1298.0,wc-completed
14989,2024-08-12 14:37:42,Desktop,6,2024-07-03 15:30:19,organic,google,12946,430,5,2805.0,504.9,3309.9,wc-completed
14990,2024-08-12 14:41:43,Desktop,76,2024-08-12 18:50:29,typein,(direct),10594,60,1,799.0,143.82,942.82,wc-completed
14994,2024-08-12 16:31:59,Mobile,17,2024-08-12 21:23:01,typein,(direct),7116,119,10,3410.0,613.8,4023.8,wc-completed
14996,2024-08-12 16:32:55,Mobile,21,2024-08-12 21:23:01,typein,(direct),7116,119,10,3410.0,613.8,4023.8,wc-completed
15001,2024-08-12 17:10:12,Desktop,22,2024-08-12 21:52:39,typein,(direct),7117,119,20,5860.0,1054.8,6914.8,wc-completed
15002,2024-08-13 08:09:56,,,,admin,,7116,430,3,1023.0,184.14,1207.14,wc-completed
15008,2024-08-13 08:31:23,,,,admin,,7116,327,5,1705.0,306.9,2011.9,wc-completed
15002,2024-08-13 08:09:56,,,,admin,,7120,430,4,1200.0,216.0,1416.0,wc-completed
15022,2024-08-13 11:21:06,,,,admin,,7116,75,4,1364.0,245.52,1609.52,wc-completed
15028,2024-08-13 11:48:39,,,,admin,,1134,189,2,2798.0,503.64,3301.64,wc-completed
15029,2024-08-13 11:50:05,,,,admin,,2786,189,2,1842.0,331.56,2173.56,wc-completed
15030,2024-08-13 11:52:26,Desktop,22,2024-07-03 15:30:19,organic,google,12908,430,4,2816.0,506.88,3322.88,wc-completed
15170,2024-08-13 17:13:04,Desktop,11,2024-07-03 15:30:19,organic,google,15167,430,10,830.0,149.4,979.4,wc-completed
15174,2024-08-13 17:31:55,Desktop,41,2024-07-03 15:30:19,organic,google,4409,430,4,1820.0,327.6,2147.6,wc-completed
15175,2024-08-13 17:33:17,Desktop,51,2024-07-03 15:30:19,organic,google,4189,430,8,3696.0,665.28,4361.28,wc-completed
15209,2024-08-14 11:00:22,Desktop,13,2024-08-14 15:56:54,typein,(direct),13437,470,2,132.0,23.76,155.76,wc-completed
15209,2024-08-14 11:00:22,Desktop,13,2024-08-14 15:56:54,typein,(direct),12906,470,1,12.0,2.16,14.16,wc-completed
15209,2024-08-14 11:00:22,Desktop,13,2024-08-14 15:56:54,typein,(direct),13447,470,1,18.0,3.24,21.24,wc-completed
15224,2024-08-14 13:32:02,,,,admin,,13437,279,4,264.0,47.52,311.52,wc-completed
15225,2024-08-14 16:15:56,,,,admin,,13437,43,42,2772.0,498.96,3270.96,wc-completed
15230,2024-08-14 17:10:47,Desktop,41,2024-07-03 15:30:19,organic,google,14481,430,5,1650.0,297.0,1947.0,wc-completed
15231,2024-08-15 08:12:37,,,,admin,,14589,306,4,1876.0,337.68,2213.68,wc-completed
15258,2024-08-15 12:24:36,,,,admin,,13437,279,3,198.0,35.64,233.64,wc-completed
15260,2024-08-15 15:43:43,,,,admin,,14524,279,69,3795.0,683.1,4478.1,wc-completed
15260,2024-08-15 15:43:43,,,,admin,,14034,279,25,1750.0,315.0,2065.0,wc-completed
15273,2024-08-16 10:51:40,,,,admin,,13594,257,2,1314.0,236.52,1550.52,wc-completed
15273,2024-08-16 10:51:40,,,,admin,,2786,257,2,1842.0,331.56,2173.56,wc-completed
15273,2024-08-16 10:51:40,,,,admin,,10594,257,2,1606.0,289.08,1895.08,wc-completed
15274,2024-08-16 10:56:12,,,,admin,,14290,257,1,932.0,167.76,1099.76,wc-completed
15276,2024-08-16 10:58:22,,,,admin,,13594,272,2,1314.0,236.52,1550.52,wc-completed
15276,2024-08-16 10:58:22,,,,admin,,2786,272,2,1842.0,331.56,2173.56,wc-completed
15276,2024-08-16 10:58:22,,,,admin,,10594,272,2,1606.0,289.08,1895.08,wc-completed
15278,2024-08-16 11:01:40,,,,admin,,14290,272,1,932.0,167.76,1099.76,wc-completed
15283,2024-08-16 11:41:53,Desktop,6,2024-08-16 03:55:15,typein,(direct),15279,430,3,3396.0,611.28,4007.28,wc-completed
15284,2024-08-16 14:59:07,Desktop,4,2024-08-16 17:01:25,typein,(direct),5095,80,4,2352.0,423.36,2775.36,wc-completed
15288,2024-08-16 15:49:24,,,,admin,,5674,248,100,2500.0,450.0,2950.0,wc-completed
15289,2024-08-16 17:30:15,Desktop,12,2024-08-16 16:50:39,typein,(direct),5095,43,2,1172.0,210.96,1382.96,wc-completed
15294,2024-08-16 19:10:49,,,,admin,,14587,30,2,1340.0,241.2,1581.2,wc-completed
15294,2024-08-16 19:10:49,,,,admin,,12910,30,1,649.0,116.82,765.82,wc-completed
15305,2024-08-17 13:21:28,,,,admin,,15167,406,6,498.0,89.64,587.64,wc-completed
15328,2024-08-18 22:43:43,Mobile,45,2024-08-19 03:30:43,typein,(direct),14422,430,3,1815.0,326.7,2141.7,wc-completed
15329,2024-08-18 22:45:34,Mobile,52,2024-08-19 03:30:43,typein,(direct),14442,430,5,1420.0,255.6,1675.6,wc-completed
15330,2024-08-19 07:50:10,,,,admin,,14590,306,2,1136.0,204.48,1340.48,wc-completed
15334,2024-08-19 09:21:44,,,,admin,,15331,29,5,2750.0,495.0,3245.0,wc-completed
15335,2024-08-19 09:29:20,Mobile,15,2024-08-19 13:40:35,typein,(direct),15331,43,5,2750.0,495.0,3245.0,wc-completed
15341,2024-08-19 10:41:59,Desktop,6,2024-08-16 03:55:15,typein,(direct),10594,430,3,2412.0,434.16,2846.16,wc-completed
15342,2024-08-19 10:52:32,,,,admin,,10594,306,4,3216.0,578.88,3794.88,wc-completed
15343,2024-08-19 11:22:41,,,,admin,,4189,30,5,2310.0,415.8,2725.8,wc-completed
15345,2024-08-19 11:53:45,,,,admin,,14587,430,6,4110.0,739.8,4849.8,wc-completed
15348,2024-08-19 13:08:02,Desktop,48,2024-08-16 03:55:15,typein,(direct),14133,430,5,2035.0,366.3,2401.3,wc-completed
15349,2024-08-19 14:19:36,Mobile,6,2024-08-19 19:09:40,typein,(direct),14133,80,15,6105.0,1098.9,7203.9,wc-completed
15353,2024-08-19 20:14:30,,,,admin,,15167,491,10,830.0,149.4,979.4,wc-completed
15356,2024-08-19 22:13:57,Desktop,7,2024-08-16 03:55:15,typein,(direct),14461,430,2,1798.0,323.64,2121.64,wc-completed
15357,2024-08-19 22:19:10,Desktop,16,2024-08-16 03:55:15,typein,(direct),14126,430,5,4295.0,773.1,5068.1,wc-completed
15358,2024-08-19 22:24:18,Desktop,29,2024-08-16 03:55:15,typein,(direct),12550,430,5,2750.0,495.0,3245.0,wc-completed
15384,2024-08-20 13:58:28,,,,admin,,6786,448,3,1356.0,244.08,1600.08,wc-completed
15385,2024-08-20 14:03:09,Mobile,3,2024-08-19 03:30:43,typein,(direct),6786,430,5,2260.0,406.8,2666.8,wc-completed
15558,2024-08-21 14:16:42,Desktop,12,2024-08-21 17:03:30,typein,(direct),7105,119,5,2200.0,396.0,2596.0,wc-completed
15605,2024-08-21 14:46:05,Desktop,11,2024-08-16 03:55:15,typein,(direct),570,430,1,905.0,162.9,1067.9,wc-completed
15612,2024-08-21 14:47:53,Desktop,19,2024-08-16 03:55:15,typein,(direct),4189,430,5,2310.0,415.8,2725.8,wc-completed
15663,2024-08-21 15:17:39,Desktop,55,2024-08-16 03:55:15,typein,(direct),15478,430,3,885.0,159.3,1044.3,wc-completed
15797,2024-08-22 12:28:12,,,,admin,,12917,257,1,702.0,126.36,828.36,wc-completed
15797,2024-08-22 12:28:12,,,,admin,,14291,257,2,1386.0,249.48,1635.48,wc-completed
15799,2024-08-22 12:38:01,,,,admin,,12917,272,1,702.0,126.36,828.36,wc-completed
15799,2024-08-22 12:38:01,,,,admin,,14291,272,1,693.0,124.74,817.74,wc-completed
15801,2024-08-22 15:30:55,Desktop,6,2024-08-16 03:55:15,typein,(direct),5435,430,5,5760.0,1036.8,6796.8,wc-completed
15802,2024-08-22 15:32:40,Desktop,13,2024-08-16 03:55:15,typein,(direct),5435,430,5,5760.0,1036.8,6796.8,wc-completed
15804,2024-08-22 15:38:39,,,,admin,,6786,30,4,1760.0,316.8,2076.8,wc-completed
15900,2024-08-22 16:17:03,Desktop,5,2024-08-16 03:55:15,typein,(direct),11000,430,10,2590.0,466.2,3056.2,wc-completed
15901,2024-08-23 08:33:46,,,,admin,,15167,498,10,830.0,149.4,979.4,wc-completed
16227,2024-08-23 14:09:00,,,,admin,,16226,75,10,6910.0,1243.8,8153.8,wc-completed
16398,2024-08-23 15:58:52,,,,admin,,15456,501,2,2382.0,428.76,2810.76,wc-completed
16398,2024-08-23 15:58:52,,,,admin,,15389,501,2,1872.0,336.96,2208.96,wc-completed
16421,2024-08-23 16:29:19,Desktop,26,2024-08-16 03:55:15,typein,(direct),15479,430,3,852.0,153.36,1005.36,wc-completed
16487,2024-08-23 23:09:47,Mobile,9,2024-08-24 04:05:46,typein,(direct),13676,430,5,1305.0,234.9,1539.9,wc-completed
16488,2024-08-23 23:11:42,Mobile,16,2024-08-24 04:05:46,typein,(direct),13677,430,2,724.0,130.32,854.32,wc-completed
16496,2024-08-24 18:42:08,Desktop,39,2024-08-24 23:28:36,organic,google,14066,430,5,1925.0,346.5,2271.5,wc-completed
16513,2024-08-26 08:39:12,Desktop,66,2024-08-26 13:18:18,typein,(direct),5170,430,5,1650.0,297.0,1947.0,wc-completed
16533,2024-08-26 12:00:18,,,,admin,,15468,189,5,2365.0,425.7,2790.7,wc-completed
16534,2024-08-26 12:24:57,,,,admin,,13594,29,6,3804.0,684.72,4488.72,wc-completed
16543,2024-08-26 15:03:29,Desktop,7,2024-08-26 13:18:18,typein,(direct),16540,430,6,5394.0,970.92,6364.92,wc-processing
16545,2024-08-26 17:41:21,Desktop,7,2024-08-26 22:38:03,typein,(direct),16540,80,9,8091.0,1456.38,9547.38,wc-processing
16562,2024-08-27 10:53:57,,,,admin,,16552,189,2,2776.0,499.68,3275.68,wc-completed
16564,2024-08-27 13:34:45,Desktop,9,2024-08-26 13:18:18,typein,(direct),15466,430,9,3564.0,641.52,4205.52,wc-completed
16696,2024-08-27 20:46:44,Mobile,9,2024-08-28 01:43:33,typein,(direct),16650,430,5,1350.0,243.0,1593.0,wc-completed
16697,2024-08-27 20:50:37,Mobile,19,2024-08-28 01:43:33,typein,(direct),16615,430,3,1086.0,195.48,1281.48,wc-completed
16699,2024-08-27 21:17:13,Mobile,59,2024-08-28 01:43:33,typein,(direct),16596,430,5,655.0,117.9,772.9,wc-completed
16700,2024-08-27 21:18:52,Mobile,66,2024-08-28 01:43:33,typein,(direct),16607,430,10,930.0,167.4,1097.4,wc-completed
16881,2024-08-28 12:31:12,,,,admin,,12905,505,1,1209.0,217.62,1426.62,wc-completed
16881,2024-08-28 12:31:12,,,,admin,,13496,505,1,649.0,116.82,765.82,wc-completed
16881,2024-08-28 12:31:12,,,,admin,,12942,505,1,573.0,103.14,676.14,wc-completed
16881,2024-08-28 12:31:12,,,,admin,,14287,505,2,84.0,15.12,99.12,wc-completed
16881,2024-08-28 12:31:12,,,,admin,,14288,505,2,188.0,33.84,221.84,wc-completed
16884,2024-08-28 16:00:27,,,,admin,,6786,306,6,2640.0,475.2,3115.2,wc-completed
16891,2024-08-29 07:49:48,,,,admin,,13248,422,1,242.0,43.56,285.56,wc-completed
16893,2024-08-29 08:09:23,,,,admin,,13594,430,10,6390.0,1150.2,7540.2,wc-completed
16899,2024-08-29 11:04:45,,,,admin,,13941,513,4,4996.0,899.28,5895.28,wc-completed
16917,2024-08-29 12:04:49,Desktop,6,2024-08-29 17:01:54,typein,(direct),16886,80,10,7550.0,1359.0,8909.0,wc-completed
16916,2024-08-29 12:04:11,,,,admin,,6786,514,10,4400.0,792.0,5192.0,wc-completed
16920,2024-08-29 13:20:20,Desktop,16,2024-08-26 13:18:18,typein,(direct),16620,430,2,894.0,160.92,1054.92,wc-completed
16921,2024-08-29 13:32:47,Desktop,20,2024-08-29 16:37:52,typein,(direct),14059,295,7,5705.0,1026.9,6731.9,wc-completed
16926,2024-08-29 14:21:29,Desktop,7,2024-08-29 16:37:52,typein,(direct),3597,295,20,12100.0,2178.0,14278.0,wc-completed
16929,2024-08-29 14:32:32,,,,admin,,6786,518,3,1320.0,237.6,1557.6,wc-completed
16938,2024-08-29 15:52:11,,,,admin,,10828,521,2,2100.0,378.0,2478.0,wc-completed
16938,2024-08-29 15:52:11,,,,admin,,13569,521,2,1916.0,344.88,2260.88,wc-completed
16939,2024-08-29 16:19:20,,,,admin,,2786,521,1,914.0,164.52,1078.52,wc-completed
16939,2024-08-29 16:19:20,,,,admin,,5435,521,1,1152.0,207.36,1359.36,wc-completed
16947,2024-08-29 17:31:02,,,,admin,,13594,153,6,3804.0,684.72,4488.72,wc-completed
16949,2024-08-29 17:39:02,,,,admin,,2786,153,6,5484.0,987.12,6471.12,wc-completed
16950,2024-08-29 17:42:09,,,,admin,,14914,153,6,1692.0,304.56,1996.56,wc-completed
16951,2024-08-29 19:19:47,Desktop,17,2024-08-30 00:16:41,organic,google,13594,244,5,3170.0,570.6,3740.6,wc-completed
16960,2024-08-30 12:49:43,Desktop,21,2024-08-26 13:18:18,typein,(direct),13609,430,2,2192.0,394.56,2586.56,wc-completed
16961,2024-08-30 18:53:44,Desktop,6,2024-08-30 17:26:08,typein,(direct),14536,119,100,2500.0,450.0,2950.0,wc-completed
16963,2024-08-30 23:36:19,Mobile,42,2024-08-31 04:13:16,typein,(direct),5179,430,10,4840.0,871.2,5711.2,wc-completed
17002,2024-09-01 22:53:26,Mobile,8,2024-09-01 23:46:54,typein,(direct),15889,430,3,2412.0,434.16,2846.16,wc-completed
17026,2024-09-02 11:45:02,,,,admin,,12910,521,2,1278.0,230.04,1508.04,wc-completed
17027,2024-09-02 11:50:33,,,,admin,,12910,518,2,1278.0,230.04,1508.04,wc-completed
17039,2024-09-02 14:08:13,,,,admin,,12910,505,2,1278.0,230.04,1508.04,wc-completed
17040,2024-09-02 14:14:10,,,,admin,,5435,513,3,3456.0,622.08,4078.08,wc-completed
17041,2024-09-02 14:32:20,,,,admin,,14590,306,4,2228.0,401.04,2629.04,wc-completed
17092,2024-09-03 00:00:26,Desktop,26,2024-08-30 20:04:21,typein,(direct),13610,430,2,2180.0,392.4,2572.4,wc-completed
17093,2024-09-03 00:15:14,Desktop,44,2024-08-30 20:04:21,typein,(direct),14441,430,5,2860.0,514.8,3374.8,wc-completed
17094,2024-09-03 00:18:12,Desktop,60,2024-08-30 20:04:21,typein,(direct),12274,430,4,3640.0,655.2,4295.2,wc-completed
17095,2024-09-03 07:29:45,,,,admin,,13594,532,5,3170.0,570.6,3740.6,wc-completed
17239,2024-09-03 22:34:16,Mobile,6,2024-09-04 03:32:57,typein,(direct),12541,430,2,518.0,93.24,611.24,wc-completed
17240,2024-09-04 00:10:09,Desktop,24,2024-09-04 05:02:21,typein,(direct),13569,29,1,958.0,172.44,1130.44,wc-completed
17301,2024-09-04 10:32:58,Mobile,3,2024-09-04 03:32:57,typein,(direct),17242,430,2,2644.0,475.92,3119.92,wc-completed
17302,2024-09-04 10:38:27,,,,admin,,17242,518,1,1322.0,237.96,1559.96,wc-completed
17309,2024-09-04 14:13:05,,,,admin,,12539,422,4,4160.0,748.8,4908.8,wc-completed
17020,2024-09-02 10:57:05,Desktop,4,2024-08-30 20:04:21,typein,(direct),17034,430,3,756.0,136.08,892.08,wc-completed
17343,2024-09-04 16:10:45,,,,admin,,5669,545,7,175.0,31.5,206.5,wc-completed
17361,2024-09-04 17:38:49,,,,admin,,12926,245,4,1640.0,295.2,1935.2,wc-completed
17369,2024-09-04 22:55:04,Mobile,9,2024-09-05 03:09:20,typein,(direct),13610,430,1,1096.0,197.28,1293.28,wc-completed
17380,2024-09-05 09:57:33,,,,admin,,17376,521,2,2246.0,404.28,2650.28,wc-completed
17382,2024-09-05 10:37:55,Mobile,3,2024-09-05 03:09:20,typein,(direct),17320,430,3,3951.0,711.18,4662.18,wc-completed
17383,2024-09-05 10:57:41,,,,admin,,17376,306,3,3369.0,606.42,3975.42,wc-completed
17387,2024-09-05 13:47:14,,,,admin,,17320,521,3,3951.0,711.18,4662.18,wc-completed
17433,2024-09-05 17:09:38,Desktop,8,2024-09-04 22:26:13,typein,(direct),17432,430,15,3720.0,669.6,4389.6,wc-completed
17443,2024-09-06 10:16:48,,,,admin,,963,153,100,5250.0,945.0,6195.0,wc-completed
17449,2024-09-06 12:43:49,,,,admin,,12910,43,3,1917.0,345.06,2262.06,wc-completed
17450,2024-09-06 12:51:02,,,,admin,,17376,189,5,5615.0,1010.7,6625.7,wc-completed
17452,2024-09-06 13:56:22,,,,admin,,12686,521,2,1634.0,294.12,1928.12,wc-completed
17457,2024-09-06 14:27:21,,,,admin,,12309,521,2,2070.0,372.6,2442.6,wc-completed
17585,2024-09-06 16:28:01,,,,admin,,17505,257,2,1176.0,211.68,1387.68,wc-completed
17585,2024-09-06 16:28:01,,,,admin,,17242,257,1,1322.0,237.96,1559.96,wc-completed
17585,2024-09-06 16:28:01,,,,admin,,2786,257,2,1828.0,329.04,2157.04,wc-completed
17585,2024-09-06 16:28:01,,,,admin,,17506,257,2,1584.0,285.12,1869.12,wc-completed
17585,2024-09-06 16:28:01,,,,admin,,13594,257,4,2536.0,456.48,2992.48,wc-completed
17596,2024-09-06 16:33:45,,,,admin,,17505,272,2,1176.0,211.68,1387.68,wc-completed
17596,2024-09-06 16:33:45,,,,admin,,17242,272,1,1322.0,237.96,1559.96,wc-completed
17596,2024-09-06 16:33:45,,,,admin,,2786,272,2,1828.0,329.04,2157.04,wc-completed
17596,2024-09-06 16:33:45,,,,admin,,17506,272,2,1584.0,285.12,1869.12,wc-completed
17596,2024-09-06 16:33:45,,,,admin,,13594,272,4,2536.0,456.48,2992.48,wc-completed
17605,2024-09-06 16:37:40,,,,admin,,13594,189,10,6340.0,1141.2,7481.2,wc-completed
17691,2024-09-07 14:33:35,Desktop,18,2024-09-06 19:00:21,typein,(direct),4407,430,6,1026.0,184.68,1210.68,wc-completed
17692,2024-09-07 17:00:37,Desktop,13,2024-09-07 21:56:41,typein,(direct),17376,29,2,2246.0,404.28,2650.28,wc-completed
17693,2024-09-07 17:02:24,Desktop,19,2024-09-07 21:56:41,typein,(direct),17242,29,2,2644.0,475.92,3119.92,wc-completed
17713,2024-09-09 08:24:38,,,,admin,,6786,29,5,2200.0,396.0,2596.0,wc-completed
17719,2024-09-09 09:16:59,,,,admin,,2786,513,3,2643.0,475.74,3118.74,wc-completed
17722,2024-09-09 09:22:32,Desktop,56,2024-09-07 19:40:52,typein,(direct),2786,172,1,881.0,158.58,1039.58,wc-completed
17725,2024-09-09 12:04:02,,,,admin,,2786,505,1,881.0,158.58,1039.58,wc-completed
17726,2024-09-09 12:35:42,Desktop,8,2024-09-06 19:00:21,typein,(direct),2786,430,5,4405.0,792.9,5197.9,wc-completed
17727,2024-09-09 12:40:34,,,,admin,,12931,505,1,568.0,102.24,670.24,wc-completed
17727,2024-09-09 12:40:34,,,,admin,,12942,505,1,573.0,103.14,676.14,wc-completed
17728,2024-09-09 13:05:49,Desktop,20,2024-09-09 15:45:32,typein,(direct),13594,80,12,7608.0,1369.44,8977.44,wc-completed
17729,2024-09-09 14:27:13,,,,admin,,14590,306,4,2228.0,401.04,2629.04,wc-completed
17733,2024-09-09 17:04:43,,,,admin,,17376,513,3,3369.0,606.42,3975.42,wc-completed
17739,2024-09-09 23:38:15,Desktop,11,2024-09-10 04:27:44,organic,google,16596,30,20,2620.0,471.6,3091.6,wc-completed
17741,2024-09-10 09:23:33,Mobile,6,2024-09-10 14:22:08,typein,(direct),13605,430,1,1040.0,187.2,1227.2,wc-completed
17742,2024-09-10 09:24:09,,,,admin,,17489,521,3,2265.0,407.7,2672.7,wc-completed
17743,2024-09-10 09:34:00,,,,admin,,13594,279,20,12780.0,2300.4,15080.4,wc-completed
17747,2024-09-10 10:59:25,,,,admin,,1134,43,1,1366.0,245.88,1611.88,wc-completed
17750,2024-09-10 11:34:08,,,,admin,,17749,513,5,3955.0,711.9,4666.9,wc-completed
17754,2024-09-10 14:28:18,,,,admin,,17753,179,5,3025.0,544.5,3569.5,wc-completed
17756,2024-09-10 14:34:09,,,,admin,,17753,518,2,1210.0,217.8,1427.8,wc-completed
17757,2024-09-10 14:40:51,,,,admin,,17753,265,10,6050.0,1089.0,7139.0,wc-completed
17755,2024-09-10 14:31:23,,,,admin,,14288,545,8,400.0,72.0,472.0,wc-completed
17759,2024-09-10 15:04:08,,,,admin,,17753,43,5,3025.0,544.5,3569.5,wc-completed
17758,2024-09-10 15:01:45,,,,admin,,1134,182,1,1366.0,245.88,1611.88,wc-completed
17758,2024-09-10 15:01:45,,,,admin,,17242,182,1,1322.0,237.96,1559.96,wc-completed
17760,2024-09-10 15:27:49,,,,admin,,13594,182,5,3195.0,575.1,3770.1,wc-completed
17762,2024-09-10 15:29:33,,,,admin,,13594,501,5,3195.0,575.1,3770.1,wc-completed
17765,2024-09-10 16:39:04,,,,admin,,5674,248,100,2400.0,432.0,2832.0,wc-completed
17767,2024-09-10 17:50:39,,,,admin,,14495,179,1,1670.0,300.6,1970.6,wc-completed
17768,2024-09-11 08:04:57,,,,admin,,17753,29,8,4840.0,871.2,5711.2,wc-completed
17770,2024-09-11 08:18:12,,,,admin,,17766,248,20,1192.0,214.56,1406.56,wc-completed
17777,2024-09-11 10:37:15,Desktop,9,2024-09-09 15:45:32,typein,(direct),12550,80,10,5430.0,977.4,6407.4,wc-completed
17781,2024-09-11 16:07:40,Desktop,21,2024-09-07 19:40:52,typein,(direct),16584,172,2,488.0,87.84,575.84,wc-completed
17781,2024-09-11 16:07:40,Desktop,21,2024-09-07 19:40:52,typein,(direct),17779,172,1,284.0,51.12,335.12,wc-completed
17783,2024-09-11 21:54:47,Desktop,63,2024-09-06 19:00:21,typein,(direct),17749,430,5,3955.0,711.9,4666.9,wc-completed
17784,2024-09-11 21:55:41,Desktop,69,2024-09-06 19:00:21,typein,(direct),17779,430,5,1420.0,255.6,1675.6,wc-completed
17785,2024-09-12 06:25:54,,,,admin,,3571,513,3,4680.0,842.4,5522.4,wc-completed
17793,2024-09-12 10:23:32,,,,admin,,17792,521,1,1074.0,193.32,1267.32,wc-completed
18032,2024-09-12 17:25:56,Desktop,24,2024-09-06 19:00:21,typein,(direct),17799,430,2,2268.0,408.24,2676.24,wc-completed
18046,2024-09-13 11:19:50,Desktop,21,2024-09-13 16:01:07,typein,(direct),4066,119,14,504.0,90.72,594.72,wc-completed
18048,2024-09-13 13:43:17,,,,admin,,7119,513,5,1475.0,265.5,1740.5,wc-completed
18049,2024-09-13 13:45:12,,,,admin,,7119,518,5,1475.0,265.5,1740.5,wc-completed
18258,2024-09-13 16:19:08,,,,admin,,10594,521,2,1740.0,313.2,2053.2,wc-completed
18263,2024-09-13 16:21:43,Desktop,22,2024-09-06 19:00:21,typein,(direct),10594,430,5,4350.0,783.0,5133.0,wc-completed
18269,2024-09-13 16:29:20,Desktop,26,2024-09-06 19:00:21,typein,(direct),13606,430,2,1800.0,324.0,2124.0,wc-completed
18296,2024-09-13 17:13:44,Desktop,16,2024-09-13 16:41:35,typein,(direct),16570,43,1,1322.0,237.96,1559.96,wc-completed
18385,2024-09-14 11:13:02,Desktop,9,2024-09-14 16:09:07,organic,google,7117,119,15,4950.0,891.0,5841.0,wc-completed
18386,2024-09-14 20:31:21,Desktop,11,2024-09-06 19:00:21,typein,(direct),16596,430,6,786.0,141.48,927.48,wc-completed
18387,2024-09-15 00:59:40,Mobile,6,2024-09-15 05:23:01,organic,google,17803,430,5,715.0,128.7,843.7,wc-completed
18388,2024-09-15 07:05:05,Desktop,38,2024-09-12 15:33:29,typein,(direct),17806,172,2,612.0,110.16,722.16,wc-completed
18388,2024-09-15 07:05:05,Desktop,38,2024-09-12 15:33:29,typein,(direct),16584,172,2,488.0,87.84,575.84,wc-completed
18443,2024-09-16 11:10:30,,,,admin,,13496,518,2,1274.0,229.32,1503.32,wc-completed
18465,2024-09-16 17:06:54,,,,admin,,10594,306,3,2610.0,469.8,3079.8,wc-completed
18471,2024-09-17 07:55:58,Desktop,70,2024-09-12 15:33:29,typein,(direct),17822,172,2,674.0,121.32,795.32,wc-completed
18471,2024-09-17 07:55:58,Desktop,70,2024-09-12 15:33:29,typein,(direct),17817,172,1,407.0,73.26,480.26,wc-completed
18471,2024-09-17 07:55:58,Desktop,70,2024-09-12 15:33:29,typein,(direct),17811,172,2,522.0,93.96,615.96,wc-completed
18471,2024-09-17 07:55:58,Desktop,70,2024-09-12 15:33:29,typein,(direct),17803,172,2,286.0,51.48,337.48,wc-completed
18536,2024-09-17 15:28:22,,,,admin,,6786,430,5,2200.0,396.0,2596.0,wc-completed
18537,2024-09-17 15:32:02,Desktop,7,2024-09-17 20:30:30,typein,(direct),14443,29,5,1345.0,242.1,1587.1,wc-completed
18541,2024-09-17 15:34:18,Mobile,3,2024-09-17 12:47:24,typein,(direct),14443,430,20,5380.0,968.4,6348.4,wc-completed
18542,2024-09-17 15:36:28,,,,admin,,14443,327,3,807.0,145.26,952.26,wc-completed
18545,2024-09-17 15:38:13,,,,admin,,14443,268,10,2690.0,484.2,3174.2,wc-completed
18550,2024-09-17 16:16:55,,,,admin,,14443,513,4,1076.0,193.68,1269.68,wc-completed
18553,2024-09-17 16:37:36,,,,admin,,5674,580,25,625.0,112.5,737.5,wc-completed
18554,2024-09-17 17:45:37,Mobile,3,2024-09-17 12:47:24,typein,(direct),4378,430,5,2430.0,437.4,2867.4,wc-completed
18561,2024-09-18 08:55:37,,,,admin,,5674,248,100,2400.0,432.0,2832.0,wc-completed
18561,2024-09-18 08:55:37,,,,admin,,17766,248,20,1192.0,214.56,1406.56,wc-completed
18566,2024-09-18 10:32:41,Desktop,11,2024-09-18 15:23:46,typein,(direct),1584,456,25,1825.0,328.5,2153.5,wc-completed
18567,2024-09-18 11:06:19,,,,admin,,12956,306,6,2580.0,464.4,3044.4,wc-completed
18568,2024-09-18 11:08:37,,,,admin,,12956,430,10,4300.0,774.0,5074.0,wc-completed
18568,2024-09-18 11:08:37,,,,admin,,18479,430,10,2590.0,466.2,3056.2,wc-completed
18569,2024-09-18 11:14:04,,,,admin,,12956,29,10,4300.0,774.0,5074.0,wc-completed
18571,2024-09-18 11:15:53,Desktop,23,2024-09-18 15:23:46,typein,(direct),15517,456,5,1980.0,356.4,2336.4,wc-completed
18570,2024-09-18 11:15:16,,,,admin,,12956,513,10,4300.0,774.0,5074.0,wc-completed
18572,2024-09-18 11:20:32,,,,admin,,12956,268,5,2150.0,387.0,2537.0,wc-completed
18605,2024-09-19 09:01:34,Mobile,6,2024-09-19 14:00:44,typein,(direct),2872,430,10,5390.0,970.2,6360.2,wc-completed
18606,2024-09-19 09:10:05,,,,admin,,4189,518,5,2290.0,412.2,2702.2,wc-completed
18607,2024-09-19 09:32:17,Mobile,6,2024-09-19 14:31:38,typein,(direct),4189,119,5,2290.0,412.2,2702.2,wc-completed
18627,2024-09-19 12:04:10,,,,admin,,4189,327,5,2290.0,412.2,2702.2,wc-completed
18630,2024-09-19 14:16:39,,,,admin,,14028,532,118,4602.0,828.36,5430.36,wc-completed
18675,2024-09-19 15:26:24,,,,admin,,18636,448,10,2130.0,383.4,2513.4,wc-completed
18831,2024-09-20 09:02:29,Mobile,7,2024-09-20 14:00:40,typein,(direct),18591,430,5,1335.0,240.3,1575.3,wc-completed
18847,2024-09-20 09:26:21,Mobile,17,2024-09-20 14:00:40,typein,(direct),12274,430,5,4605.0,828.9,5433.9,wc-completed
19018,2024-09-23 10:26:51,,,,admin,,16650,513,10,2690.0,484.2,3174.2,wc-completed
19024,2024-09-23 12:00:07,Desktop,7,2024-09-23 16:58:43,typein,(direct),14536,119,100,2400.0,432.0,2832.0,wc-completed
19047,2024-09-23 14:14:54,Desktop,7,2024-09-23 15:00:55,typein,(direct),19040,43,3,1851.0,333.18,2184.18,wc-completed
19086,2024-09-23 16:16:24,,,,admin,,15167,587,15,1230.0,221.4,1451.4,wc-completed
19091,2024-09-23 17:50:50,Desktop,10,2024-09-23 17:15:40,typein,(direct),17830,60,5,3940.0,709.2,4649.2,wc-completed
19099,2024-09-24 10:54:11,,,,admin,,11995,513,3,3834.0,690.12,4524.12,wc-completed
19259,2024-09-25 12:08:18,,,,admin,,15167,153,30,2460.0,442.8,2902.8,wc-completed
19260,2024-09-25 13:03:43,,,,admin,,14387,306,3,4116.0,740.88,4856.88,wc-completed
19279,2024-09-25 15:21:42,Desktop,26,2024-09-25 15:48:45,typein,(direct),12274,60,5,4605.0,828.9,5433.9,wc-completed
19285,2024-09-25 16:20:03,,,,admin,,15167,270,10,820.0,147.6,967.6,wc-completed
19285,2024-09-25 16:20:03,,,,admin,,15468,270,4,1760.0,316.8,2076.8,wc-completed
19298,2024-09-25 21:37:41,Mobile,9,2024-09-26 02:35:11,typein,(direct),19283,430,5,3225.0,580.5,3805.5,wc-completed
19299,2024-09-25 21:44:25,Mobile,16,2024-09-26 02:35:11,typein,(direct),19125,430,7,3899.0,701.82,4600.82,wc-completed
19300,2024-09-25 21:52:33,Mobile,29,2024-09-26 02:35:11,typein,(direct),18648,430,4,1352.0,243.36,1595.36,wc-completed
19301,2024-09-25 22:10:07,Mobile,41,2024-09-26 02:35:11,typein,(direct),15824,430,10,1360.0,244.8,1604.8,wc-completed
19302,2024-09-25 22:17:20,Mobile,48,2024-09-26 02:35:11,typein,(direct),17459,430,5,365.0,65.7,430.7,wc-completed
19303,2024-09-25 22:26:01,Mobile,69,2024-09-26 02:35:11,typein,(direct),2745,430,1,899.0,161.82,1060.82,wc-completed
19316,2024-09-26 11:01:58,Desktop,6,2024-09-18 17:31:31,typein,(direct),16620,430,3,1203.0,216.54,1419.54,wc-completed
19381,2024-09-26 13:57:54,,,,admin,,14387,505,2,2744.0,493.92,3237.92,wc-completed
19382,2024-09-26 14:04:24,,,,admin,,13089,505,2,1916.0,344.88,2260.88,wc-completed
19404,2024-09-26 15:53:53,,,,admin,,12936,491,4,624.0,112.32,736.32,wc-completed
19408,2024-09-26 16:11:07,Desktop,3,2024-09-18 17:31:31,typein,(direct),19405,430,5,3775.0,679.5,4454.5,wc-completed
19414,2024-09-26 16:31:22,,,,admin,,14414,491,2,528.0,95.04,623.04,wc-processing
19418,2024-09-26 22:58:14,Desktop,16,2024-09-18 17:31:31,typein,(direct),6799,430,2,1542.0,277.56,1819.56,wc-processing
19419,2024-09-26 23:04:56,Desktop,29,2024-09-18 17:31:31,typein,(direct),18636,430,13,2769.0,498.42,3267.42,wc-completed
19420,2024-09-26 23:06:50,Desktop,40,2024-09-18 17:31:31,typein,(direct),14125,430,3,3237.0,582.66,3819.66,wc-completed
19421,2024-09-26 23:23:01,Desktop,62,2024-09-18 17:31:31,typein,(direct),16601,430,2,1410.0,253.8,1663.8,wc-completed
19422,2024-09-26 23:24:26,Desktop,71,2024-09-18 17:31:31,typein,(direct),18113,430,2,406.0,73.08,479.08,wc-processing
19423,2024-09-26 23:34:48,Desktop,99,2024-09-18 17:31:31,typein,(direct),13639,430,2,620.0,111.6,731.6,wc-completed
19436,2024-09-27 09:53:48,,,,admin,,17376,521,1,1183.0,212.94,1395.94,wc-completed
19437,2024-09-27 09:57:02,,,,admin,,18666,521,1,1145.0,206.1,1351.1,wc-completed
19438,2024-09-27 09:59:43,,,,admin,,18670,521,1,1278.0,230.04,1508.04,wc-completed
19439,2024-09-27 10:04:51,,,,admin,,15392,521,1,969.0,174.42,1143.42,wc-completed
19440,2024-09-27 10:07:21,,,,admin,,10594,521,2,1736.0,312.48,2048.48,wc-completed
19441,2024-09-27 10:11:36,,,,admin,,19040,521,1,612.0,110.16,722.16,wc-completed
19442,2024-09-27 10:14:50,,,,admin,,2786,521,1,914.0,164.52,1078.52,wc-completed
19443,2024-09-27 10:19:06,Mobile,12,2024-09-27 15:14:41,typein,(direct),13594,295,10,6560.0,1180.8,7740.8,wc-completed
19461,2024-09-27 12:05:32,,,,admin,,11995,189,2,2556.0,460.08,3016.08,wc-completed
19461,2024-09-27 12:05:32,,,,admin,,12274,189,3,2763.0,497.34,3260.34,wc-completed
19471,2024-09-27 17:46:24,Desktop,3,2024-09-27 21:56:20,typein,(direct),19467,295,20,6360.0,1144.8,7504.8,wc-completed
19498,2024-09-29 17:23:10,Mobile,6,2024-09-29 22:20:51,typein,(direct),19467,430,20,6360.0,1144.8,7504.8,wc-completed
19499,2024-09-29 17:24:26,Mobile,11,2024-09-29 22:20:51,typein,(direct),19426,430,6,4098.0,737.64,4835.64,wc-completed
19500,2024-09-29 17:27:29,Mobile,17,2024-09-29 22:20:51,typein,(direct),19363,430,3,1518.0,273.24,1791.24,wc-completed
19509,2024-09-30 12:00:00,,,,admin,,15167,521,8,656.0,118.08,774.08,wc-completed
19510,2024-09-30 12:01:49,,,,admin,,19426,521,2,1366.0,245.88,1611.88,wc-completed
19511,2024-09-30 12:20:39,,,,admin,,1134,189,9,11997.0,2159.46,14156.46,wc-completed
19515,2024-09-30 12:56:45,,,,admin,,18053,302,1,225.0,40.5,265.5,wc-completed
19516,2024-09-30 14:41:10,Desktop,8,2024-09-18 17:31:31,typein,(direct),2678,430,1,979.0,176.22,1155.22,wc-completed
19550,2024-10-01 10:55:22,Mobile,6,2024-10-01 15:54:41,typein,(direct),14441,430,3,1695.0,305.1,2000.1,wc-completed
19556,2024-10-01 11:03:01,Mobile,10,2024-10-01 15:54:41,typein,(direct),19551,430,4,4272.0,768.96,5040.96,wc-completed
19558,2024-10-01 11:06:10,Mobile,14,2024-10-01 15:54:41,typein,(direct),19555,430,5,1930.0,347.4,2277.4,wc-completed
19562,2024-10-01 11:54:34,,,,admin,,12281,351,1,1205.0,216.9,1421.9,wc-completed
19576,2024-10-01 15:19:49,,,,admin,,19561,29,1,1300.0,234.0,1534.0,wc-completed
19678,2024-10-01 21:50:23,Desktop,14,2024-09-18 17:31:31,typein,(direct),12298,430,3,594.0,106.92,700.92,wc-completed
19679,2024-10-01 23:09:20,Desktop,4,2024-09-18 17:31:31,typein,(direct),19591,430,4,1876.0,337.68,2213.68,wc-processing
19680,2024-10-01 23:38:11,Desktop,30,2024-09-18 17:31:31,typein,(direct),19426,430,3,2049.0,368.82,2417.82,wc-completed
19692,2024-10-02 09:09:19,Mobile,6,2024-10-02 14:08:32,typein,(direct),19691,430,8,2176.0,391.68,2567.68,wc-completed
19693,2024-10-02 09:10:23,Mobile,10,2024-10-02 14:08:32,typein,(direct),19687,430,19,5168.0,930.24,6098.24,wc-completed
19694,2024-10-02 09:10:59,Mobile,15,2024-10-02 14:08:32,typein,(direct),19688,430,11,2992.0,538.56,3530.56,wc-completed
19697,2024-10-02 11:04:59,,,,admin,,12956,26,7,3010.0,541.8,3551.8,wc-completed
19708,2024-10-02 12:06:08,,,,admin,,5674,248,100,2400.0,432.0,2832.0,wc-completed
19721,2024-10-02 14:24:04,Desktop,6,2024-10-02 16:02:43,typein,(direct),19561,60,1,1300.0,234.0,1534.0,wc-completed
19751,2024-10-02 16:16:01,Desktop,67,2024-10-02 16:02:43,typein,(direct),13594,60,3,1992.0,358.56,2350.56,wc-completed
19751,2024-10-02 16:16:01,Desktop,67,2024-10-02 16:02:43,typein,(direct),2786,60,1,914.0,164.52,1078.52,wc-completed
19751,2024-10-02 16:16:01,Desktop,67,2024-10-02 16:02:43,typein,(direct),17825,60,1,1292.0,232.56,1524.56,wc-completed
19751,2024-10-02 16:16:01,Desktop,67,2024-10-02 16:02:43,typein,(direct),12309,60,4,4168.0,750.24,4918.24,wc-completed
19751,2024-10-02 16:16:01,Desktop,67,2024-10-02 16:02:43,typein,(direct),15471,60,1,484.0,87.12,571.12,wc-completed
19751,2024-10-02 16:16:01,Desktop,67,2024-10-02 16:02:43,typein,(direct),13089,60,1,972.0,174.96,1146.96,wc-completed
19768,2024-10-03 08:59:56,,,,admin,,12956,505,2,860.0,154.8,1014.8,wc-completed
19771,2024-10-03 09:17:05,,,,admin,,18645,513,4,4404.0,792.72,5196.72,wc-completed
19772,2024-10-03 09:19:05,,,,admin,,18645,505,1,1101.0,198.18,1299.18,wc-completed
19779,2024-10-03 11:23:53,Desktop,10,2024-10-03 16:21:27,typein,(direct),17376,60,1,1183.0,212.94,1395.94,wc-completed
19782,2024-10-03 12:50:35,,,,admin,,13594,406,1,664.0,119.52,783.52,wc-completed
19783,2024-10-03 12:54:02,Desktop,4,2024-09-18 17:31:31,typein,(direct),15859,430,5,3465.0,623.7,4088.7,wc-completed
19830,2024-10-03 16:47:29,Desktop,26,2024-09-18 17:31:31,typein,(direct),19829,430,4,2700.0,486.0,3186.0,wc-completed
19846,2024-10-04 09:01:56,,,,admin,,10315,518,2,2402.0,432.36,2834.36,wc-completed
20028,2024-10-04 15:09:40,,,,admin,,15167,498,10,820.0,147.6,967.6,wc-completed
20030,2024-10-04 16:15:25,,,,admin,,12936,245,5,780.0,140.4,920.4,wc-completed
20040,2024-10-04 18:22:38,Desktop,17,2024-10-04 22:13:07,organic,google,19561,613,1,1300.0,234.0,1534.0,wc-completed
20041,2024-10-05 07:32:06,Desktop,37,2024-09-18 17:31:31,typein,(direct),14618,430,1,72.0,12.96,84.96,wc-completed
20042,2024-10-05 07:33:29,Desktop,43,2024-09-18 17:31:31,typein,(direct),20011,430,13,3510.0,631.8,4141.8,wc-completed
20048,2024-10-06 16:38:56,Mobile,6,2024-10-06 21:37:50,typein,(direct),19739,430,5,3115.0,560.7,3675.7,wc-completed
20050,2024-10-06 17:08:15,Mobile,22,2024-10-06 21:37:50,typein,(direct),17493,430,12,2784.0,501.12,3285.12,wc-completed
20069,2024-10-06 22:59:22,Mobile,16,2024-10-07 03:50:34,typein,(direct),15468,430,10,4390.0,790.2,5180.2,wc-processing
20070,2024-10-06 23:04:17,Mobile,32,2024-10-07 03:50:34,typein,(direct),2678,430,1,1046.0,188.28,1234.28,wc-completed
20076,2024-10-07 09:49:43,Mobile,3,2024-10-07 14:15:01,typein,(direct),5674,119,100,2400.0,432.0,2832.0,wc-completed
20078,2024-10-07 10:52:51,Desktop,32,2024-09-18 17:31:31,typein,(direct),11995,430,3,3834.0,690.12,4524.12,wc-processing
20080,2024-10-07 11:41:42,,,,admin,,18642,306,4,4404.0,792.72,5196.72,wc-completed
20100,2024-10-07 14:48:17,Desktop,3,2024-09-18 17:31:31,typein,(direct),20089,430,5,2585.0,465.3,3050.3,wc-completed
20101,2024-10-07 17:02:04,Desktop,36,2024-10-07 21:01:41,typein,(direct),10315,499,1,1201.0,216.18,1417.18,wc-completed
20103,2024-10-08 22:35:53,Mobile,10,2024-10-09 03:15:49,typein,(direct),20095,430,10,7380.0,1328.4,8708.4,wc-processing
20104,2024-10-08 22:45:11,Mobile,17,2024-10-09 03:15:49,typein,(direct),14441,430,10,5390.0,970.2,6360.2,wc-completed
20113,2024-10-09 10:36:41,,,,admin,,13594,29,4,2620.0,471.6,3091.6,wc-completed
20124,2024-10-09 11:41:43,Desktop,6,2024-09-18 17:31:31,typein,(direct),20120,430,5,4660.0,838.8,5498.8,wc-completed
20133,2024-10-09 14:04:35,,,,admin,,11996,518,1,1564.0,281.52,1845.52,wc-completed
20159,2024-10-09 15:25:48,,,,admin,,15167,622,2,164.0,29.52,193.52,wc-completed
20159,2024-10-09 15:25:48,,,,admin,,14808,622,6,1008.0,181.44,1189.44,wc-completed
20169,2024-10-10 10:24:11,,,,admin,,20137,29,10,4120.0,741.6,4861.6,wc-processing
20170,2024-10-10 10:28:35,,,,admin,,20137,430,25,10300.0,1854.0,12154.0,wc-processing
20180,2024-10-10 11:57:37,,,,admin,,20178,505,2,1800.0,324.0,2124.0,wc-completed
20222,2024-10-11 14:00:50,Desktop,12,2024-09-18 17:31:31,typein,(direct),19127,430,1,528.0,95.04,623.04,wc-processing
20223,2024-10-11 14:15:33,Desktop,21,2024-09-18 17:31:31,typein,(direct),4741,430,5,3335.0,600.3,3935.3,wc-completed
20266,2024-10-12 09:10:21,,,,admin,,20262,505,8,256.0,46.08,302.08,wc-completed
20277,2024-10-12 10:52:16,,,,admin,,15392,306,4,3868.0,696.24,4564.24,wc-completed
20282,2024-10-12 12:00:46,Desktop,10,2024-10-12 01:20:24,typein,(direct),17799,430,1,1130.0,203.4,1333.4,wc-completed
20284,2024-10-12 18:43:21,Desktop,5,2024-10-12 01:20:24,typein,(direct),11805,430,1,482.0,86.76,568.76,wc-completed
20304,2024-10-13 18:50:41,Mobile,7,2024-10-13 23:07:38,typein,(direct),20273,430,6,2244.0,403.92,2647.92,wc-completed
20305,2024-10-13 22:17:22,Mobile,9,2024-10-13 23:07:38,typein,(direct),14133,430,5,2145.0,386.1,2531.1,wc-completed
20306,2024-10-13 22:18:36,Mobile,15,2024-10-13 23:07:38,typein,(direct),18651,430,5,1860.0,334.8,2194.8,wc-completed
20312,2024-10-14 09:09:53,Mobile,6,2024-10-14 14:09:16,typein,(direct),18661,430,5,1585.0,285.3,1870.3,wc-completed
20319,2024-10-14 10:21:11,,,,admin,,18661,518,5,1585.0,285.3,1870.3,wc-processing
20331,2024-10-14 11:11:03,,,,admin,,19561,268,1,1300.0,234.0,1534.0,wc-completed
20332,2024-10-14 11:16:30,Desktop,14,2024-10-14 16:10:20,typein,(direct),18645,295,5,5540.0,997.2,6537.2,wc-completed
20352,2024-10-14 11:37:15,Desktop,3,2024-10-12 01:20:24,typein,(direct),18645,430,5,5540.0,997.2,6537.2,wc-completed
20396,2024-10-14 15:39:54,,,,admin,,10618,257,3,1815.0,326.7,2141.7,wc-completed
20398,2024-10-14 15:46:21,,,,admin,,10618,272,2,1210.0,217.8,1427.8,wc-completed
20416,2024-10-15 10:00:24,,,,admin,,20412,406,8,160.0,28.8,188.8,wc-completed
20436,2024-10-15 11:50:54,Desktop,3,2024-10-12 01:20:24,typein,(direct),20178,430,2,1718.0,309.24,2027.24,wc-completed
20437,2024-10-15 14:17:32,,,,admin,,2786,43,2,1762.0,317.16,2079.16,wc-completed
20448,2024-10-16 11:12:35,,,,admin,,20178,153,3,2577.0,463.86,3040.86,wc-processing
20448,2024-10-16 11:12:35,,,,admin,,17833,153,4,4300.0,774.0,5074.0,wc-processing
20459,2024-10-16 14:16:10,,,,admin,,20228,513,5,2140.0,385.2,2525.2,wc-completed
20461,2024-10-16 14:30:46,,,,admin,,10945,622,2,946.0,170.28,1116.28,wc-completed
20462,2024-10-16 14:32:06,Desktop,6,2024-10-12 01:20:24,typein,(direct),10945,430,7,3311.0,595.98,3906.98,wc-completed
20464,2024-10-16 14:52:29,Desktop,10,2024-10-12 01:20:24,typein,(direct),10945,430,5,2365.0,425.7,2790.7,wc-completed
20469,2024-10-16 15:55:52,,,,admin,,10945,622,5,2365.0,425.7,2790.7,wc-completed
20477,2024-10-17 09:34:34,,,,admin,,19808,580,35,875.0,157.5,1032.5,wc-completed
20478,2024-10-17 09:46:05,,,,admin,,14536,248,100,2380.0,428.4,2808.4,wc-completed
20483,2024-10-17 10:20:12,,,,admin,,20120,257,3,2907.0,523.26,3430.26,wc-processing
20484,2024-10-17 10:22:56,,,,admin,,20120,272,2,1938.0,348.84,2286.84,wc-processing
20487,2024-10-17 11:47:41,Desktop,3,2024-10-12 01:20:24,typein,(direct),20486,430,20,5640.0,1015.2,6655.2,wc-completed
20488,2024-10-17 11:52:19,Mobile,6,2024-10-17 16:51:26,typein,(direct),20486,119,6,1692.0,304.56,1996.56,wc-completed
20490,2024-10-17 12:18:46,Desktop,8,2024-10-17 17:07:10,typein,(direct),20486,30,5,1410.0,253.8,1663.8,wc-completed
20489,2024-10-17 12:17:51,,,,admin,,19808,470,15,375.0,67.5,442.5,wc-completed
20492,2024-10-17 13:30:35,Desktop,4,2024-10-17 15:46:49,typein,(direct),20120,60,5,4845.0,872.1,5717.1,wc-completed
20493,2024-10-17 13:35:44,Desktop,18,2024-10-17 17:55:33,typein,(direct),20120,80,5,4845.0,872.1,5717.1,wc-completed
20494,2024-10-17 13:36:45,Desktop,22,2024-10-17 17:55:33,typein,(direct),20120,80,5,4845.0,872.1,5717.1,wc-completed
20496,2024-10-17 14:09:42,,,,admin,,19561,43,1,1300.0,234.0,1534.0,wc-completed
20499,2024-10-17 14:53:40,,,,admin,,13941,43,1,1223.0,220.14,1443.14,wc-processing
20501,2024-10-17 15:28:46,,,,admin,,10945,491,2,946.0,170.28,1116.28,wc-processing
20522,2024-10-17 15:40:38,Desktop,5,2024-10-17 17:55:33,typein,(direct),19521,80,2,540.0,97.2,637.2,wc-completed
20528,2024-10-17 15:51:34,Desktop,30,2024-10-17 15:46:49,typein,(direct),18645,60,5,5540.0,997.2,6537.2,wc-completed
20529,2024-10-17 16:04:20,Desktop,34,2024-10-17 15:46:49,typein,(direct),20178,60,2,1718.0,309.24,2027.24,wc-completed
20530,2024-10-17 16:25:58,Desktop,40,2024-10-17 15:46:49,typein,(direct),5120,60,3,2088.0,375.84,2463.84,wc-completed
20531,2024-10-17 16:31:07,,,,admin,,10945,189,4,1892.0,340.56,2232.56,wc-completed
20532,2024-10-17 16:35:38,Desktop,44,2024-10-17 15:46:49,typein,(direct),13941,60,2,2446.0,440.28,2886.28,wc-cancelled
20534,2024-10-17 17:21:50,,,,admin,,12309,153,4,4180.0,752.4,4932.4,wc-completed
20541,2024-10-18 09:29:05,,,,admin,,2786,505,2,1832.0,329.76,2161.76,wc-completed
20567,2024-10-19 09:48:16,,,,admin,,14624,641,5,295.0,53.1,348.1,wc-completed
20567,2024-10-19 09:48:16,,,,admin,,14626,641,5,295.0,53.1,348.1,wc-completed
20567,2024-10-19 09:48:16,,,,admin,,14625,641,5,295.0,53.1,348.1,wc-completed
20587,2024-10-21 11:34:10,,,,admin,,20486,448,3,846.0,152.28,998.28,wc-processing
20601,2024-10-21 15:11:08,Desktop,19,2024-10-21 19:53:43,typein,(direct),17807,30,5,1255.0,225.9,1480.9,wc-completed
20618,2024-10-22 13:28:30,Desktop,9,2024-10-22 18:25:52,typein,(direct),20486,119,5,1410.0,253.8,1663.8,wc-processing
20620,2024-10-22 14:13:55,Desktop,5,2024-10-12 01:20:24,typein,(direct),20619,430,3,3201.0,576.18,3777.18,wc-processing
20622,2024-10-22 14:25:01,Desktop,36,2024-10-22 18:25:52,typein,(direct),14616,119,50,1950.0,351.0,2301.0,wc-completed
20626,2024-10-22 15:44:14,,,,admin,,18645,257,3,3303.0,594.54,3897.54,wc-completed
20627,2024-10-22 15:47:36,,,,admin,,18645,272,3,3303.0,594.54,3897.54,wc-completed
20628,2024-10-22 15:48:42,,,,admin,,18645,189,4,4404.0,792.72,5196.72,wc-completed
20640,2024-10-23 09:32:21,Mobile,4,2024-10-23 13:54:20,typein,(direct),16620,430,5,2005.0,360.9,2365.9,wc-completed
20653,2024-10-23 23:02:47,Mobile,4,2024-10-23 13:54:20,typein,(direct),20608,430,3,2166.0,389.88,2555.88,wc-completed
20664,2024-10-24 09:01:07,Mobile,3,2024-10-23 13:54:20,typein,(direct),20468,430,10,4180.0,752.4,4932.4,wc-completed
20665,2024-10-24 09:30:48,,,,admin,,19591,448,3,1386.0,249.48,1635.48,wc-completed
20667,2024-10-24 10:01:53,,,,admin,,19591,448,2,924.0,166.32,1090.32,wc-completed
20683,2024-10-24 11:44:41,Mobile,3,2024-10-23 13:54:20,typein,(direct),20604,430,1,1510.0,271.8,1781.8,wc-processing
20728,2024-10-25 10:25:26,,,,admin,,13090,30,3,1182.0,212.76,1394.76,wc-processing
20730,2024-10-25 10:26:31,,,,admin,,13090,30,5,1970.0,354.6,2324.6,wc-processing
20749,2024-10-25 12:17:11,Desktop,3,2024-10-25 16:22:56,typein,(direct),15440,430,5,2625.0,472.5,3097.5,wc-completed
20756,2024-10-25 13:02:17,,,,admin,,13090,189,10,3940.0,709.2,4649.2,wc-processing
20769,2024-10-26 14:14:30,Desktop,25,2024-10-26 18:51:13,typein,(direct),19125,119,2,1078.0,194.04,1272.04,wc-completed
20770,2024-10-26 19:59:46,Desktop,14,2024-10-26 18:51:13,typein,(direct),14619,119,18,702.0,126.36,828.36,wc-completed
20773,2024-10-27 16:04:58,Mobile,11,2024-10-27 20:54:13,typein,(direct),6801,430,1,539.0,97.02,636.02,wc-processing
20779,2024-10-27 19:30:22,Mobile,14,2024-10-27 20:54:13,typein,(direct),11977,430,1,691.0,124.38,815.38,wc-processing
20780,2024-10-27 19:32:46,Mobile,26,2024-10-27 20:54:13,typein,(direct),4409,430,3,1365.0,245.7,1610.7,wc-processing
20781,2024-10-27 19:34:31,Mobile,34,2024-10-27 20:54:13,typein,(direct),13647,430,9,3249.0,584.82,3833.82,wc-processing
20809,2024-10-28 10:00:01,,,,admin,,16620,268,5,2005.0,360.9,2365.9,wc-completed
20825,2024-10-28 17:08:09,,,,admin,,19808,327,210,5040.0,907.2,5947.2,wc-processing
20828,2024-10-28 17:37:21,,,,admin,,5569,327,10,650.0,117.0,767.0,wc-processing
20828,2024-10-28 17:37:21,,,,admin,,14616,327,5,195.0,35.1,230.1,wc-processing
20828,2024-10-28 17:37:21,,,,admin,,14620,327,10,310.0,55.8,365.8,wc-processing
20828,2024-10-28 17:37:21,,,,admin,,14621,327,10,310.0,55.8,365.8,wc-processing
20845,2024-10-29 09:57:52,,,,admin,,573,153,1,2181.0,392.58,2573.58,wc-completed
20846,2024-10-29 10:23:14,Mobile,5,2024-10-28 21:50:36,typein,(direct),14536,119,100,2400.0,432.0,2832.0,wc-completed
20875,2024-10-29 14:34:15,,,,admin,,18645,501,5,5395.0,971.1,6366.1,wc-processing
20878,2024-10-29 15:31:12,,,,admin,,17826,501,5,4900.0,882.0,5782.0,wc-processing
20918,2024-10-30 15:03:10,Mobile,6,2024-10-30 20:01:24,typein,(direct),11995,430,3,3852.0,693.36,4545.36,wc-processing
20944,2024-10-31 09:10:35,Mobile,6,2024-10-31 14:09:19,typein,(direct),4741,430,5,3375.0,607.5,3982.5,wc-processing
20955,2024-10-31 10:27:26,,,,admin,,14619,654,2,80.0,14.4,94.4,wc-completed
20955,2024-10-31 10:27:26,,,,admin,,18055,654,1,66.0,11.88,77.88,wc-completed
20955,2024-10-31 10:27:26,,,,admin,,18053,654,2,454.0,81.72,535.72,wc-completed
20955,2024-10-31 10:27:26,,,,admin,,14616,654,2,80.0,14.4,94.4,wc-completed
20956,2024-10-31 11:01:10,Desktop,7,2024-10-31 15:56:52,typein,(direct),18670,43,1,1212.0,218.16,1430.16,wc-completed
20972,2024-11-04 10:50:24,Desktop,6,2024-11-04 15:49:47,typein,(direct),20228,119,8,3480.0,626.4,4106.4,wc-processing
20974,2024-11-04 10:59:22,Desktop,13,2024-11-04 15:49:47,typein,(direct),20228,119,5,2175.0,391.5,2566.5,wc-processing
20993,2024-11-05 14:20:03,Mobile,3,2024-11-05 14:02:27,typein,(direct),15481,430,10,4020.0,723.6,4743.6,wc-processing
21045,2024-11-07 12:46:33,,,,admin,,21043,665,1,603.0,108.54,711.54,wc-processing
21046,2024-11-07 13:03:42,,,,admin,,2786,501,3,2709.0,487.62,3196.62,wc-processing
21052,2024-11-08 09:29:42,,,,admin,,7184,327,25,925.0,166.5,1091.5,wc-processing
21138,2024-11-12 12:32:06,Desktop,5,2024-10-25 16:22:56,typein,(direct),20486,430,10,2900.0,522.0,3422.0,wc-processing
21161,2024-11-14 09:51:42,,,,admin,,19561,43,3,3597.0,647.46,4244.46,wc-completed
21163,2024-11-14 11:23:43,,,,admin,,12908,521,1,649.0,116.82,765.82,wc-completed
21164,2024-11-14 12:43:31,,,,admin,,14592,257,4,3996.0,719.28,4715.28,wc-completed
21165,2024-11-14 12:51:01,,,,admin,,14592,272,4,3996.0,719.28,4715.28,wc-completed
21183,2024-11-18 09:34:09,,,,admin,,14592,672,3,2997.0,539.46,3536.46,wc-completed
21183,2024-11-18 09:34:09,,,,admin,,19561,672,1,1199.0,215.82,1414.82,wc-completed
21235,2024-11-20 11:54:35,Desktop,17,2024-11-18 00:09:35,typein,(direct),20178,430,3,2544.0,457.92,3001.92,wc-processing
21262,2024-11-21 15:33:08,Desktop,11,2024-11-21 20:25:47,typein,(direct),20412,470,13,273.0,49.14,322.14,wc-processing
21262,2024-11-21 15:33:08,Desktop,11,2024-11-21 20:25:47,typein,(direct),19808,470,10,270.0,48.6,318.6,wc-processing
21339,2024-11-26 17:24:24,Desktop,32,2024-11-26 22:22:10,organic,google,13746,675,1,499.0,89.82,588.82,wc-completed
21339,2024-11-26 17:24:24,Desktop,32,2024-11-26 22:22:10,organic,google,13496,675,2,1198.0,215.64,1413.64,wc-completed
21339,2024-11-26 17:24:24,Desktop,32,2024-11-26 22:22:10,organic,google,14914,675,2,538.0,96.84,634.84,wc-completed
21341,2024-11-28 10:59:57,,,,admin,,13746,306,3,1497.0,269.46,1766.46,wc-completed
21356,2024-11-28 11:47:52,,,,admin,,21351,29,1,1064.0,191.52,1255.52,wc-completed
21356,2024-11-28 11:47:52,,,,admin,,14594,29,1,869.0,156.42,1025.42,wc-completed
21359,2024-11-28 11:58:31,,,,admin,,14594,327,1,869.0,156.42,1025.42,wc-completed
21359,2024-11-28 11:58:31,,,,admin,,13746,327,3,1497.0,269.46,1766.46,wc-completed
21374,2024-11-29 10:37:42,,,,admin,,21357,516,1,885.0,159.3,1044.3,wc-completed
21409,2024-12-02 09:09:08,,,,admin,,14592,29,1,999.0,179.82,1178.82,wc-completed
21443,2024-12-04 10:31:55,Desktop,5,2024-12-04 15:30:06,typein,(direct),14914,690,1,269.0,48.42,317.42,wc-completed
21462,2024-12-05 10:19:57,Desktop,12,2024-12-05 15:07:01,typein,(direct),14260,694,1,689.0,124.02,813.02,wc-completed
21479,2024-12-06 10:20:34,Desktop,3,2024-11-27 17:50:46,organic,google,5185,430,3,2211.0,397.98,2608.98,wc-processing
21487,2024-12-06 12:11:45,,,,admin,,17798,703,1,1400.0,252.0,1652.0,wc-completed
21488,2024-12-06 13:55:26,Desktop,4,2024-11-27 17:50:46,organic,google,6786,430,5,2070.0,372.6,2442.6,wc-processing
21490,2024-12-06 15:06:10,,,,admin,,4064,327,10,400.0,72.0,472.0,wc-processing
21490,2024-12-06 15:06:10,,,,admin,,3694,327,10,270.0,48.6,318.6,wc-processing
21490,2024-12-06 15:06:10,,,,admin,,14616,327,10,400.0,72.0,472.0,wc-processing
21490,2024-12-06 15:06:10,,,,admin,,14620,327,10,310.0,55.8,365.8,wc-processing
21490,2024-12-06 15:06:10,,,,admin,,5569,327,10,620.0,111.6,731.6,wc-processing
21501,2024-12-06 17:07:41,,,,admin,,19808,327,100,2400.0,432.0,2832.0,wc-processing
21502,2024-12-06 17:08:49,,,,admin,,6786,327,5,2070.0,372.6,2442.6,wc-processing
21573,2024-12-07 12:17:45,Desktop,5,2024-12-07 16:24:13,typein,(direct),21342,43,2,1590.0,286.2,1876.2,wc-completed
21574,2024-12-07 12:56:45,Desktop,19,2024-12-07 16:24:13,typein,(direct),6786,43,3,1242.0,223.56,1465.56,wc-processing
21575,2024-12-07 13:42:43,Desktop,23,2024-12-07 16:24:13,typein,(direct),5435,43,2,2246.0,404.28,2650.28,wc-processing
21604,2024-12-09 11:00:01,,,,admin,,6786,448,5,2070.0,372.6,2442.6,wc-processing
21605,2024-12-09 22:04:49,Desktop,30,2024-11-27 17:50:46,organic,google,21520,430,1,1784.0,321.12,2105.12,wc-completed
21606,2024-12-09 22:07:18,Desktop,38,2024-11-27 17:50:46,organic,google,5435,430,4,4492.0,808.56,5300.56,wc-processing
21607,2024-12-09 22:09:12,Desktop,45,2024-11-27 17:50:46,organic,google,5435,430,2,2246.0,404.28,2650.28,wc-processing
21608,2024-12-09 22:10:06,Desktop,51,2024-11-27 17:50:46,organic,google,5435,430,3,3369.0,606.42,3975.42,wc-processing
21609,2024-12-09 22:13:21,Desktop,61,2024-11-27 17:50:46,organic,google,21351,430,2,2128.0,383.04,2511.04,wc-completed
21619,2024-12-10 13:40:06,,,,admin,,21498,172,2,1460.0,262.8,1722.8,wc-cancelled
21620,2024-12-10 14:38:13,Desktop,2,2024-11-27 17:50:46,organic,google,19824,430,1,181.0,32.58,213.58,wc-processing
21632,2024-12-11 10:08:20,,,,admin,,21413,189,10,13559.32,2440.67796,15999.99796,wc-processing
21884,2024-12-11 19:10:24,Desktop,4,2024-11-27 17:50:46,organic,google,21846,430,5,1980.0,356.4,2336.4,wc-processing
21885,2024-12-11 19:12:24,Desktop,15,2024-11-27 17:50:46,organic,google,6823,430,4,2632.0,473.76,3105.76,wc-processing
21886,2024-12-11 19:24:59,Desktop,36,2024-12-12 00:22:30,organic,google,21835,80,19,4807.0,865.26,5672.26,wc-processing
21900,2024-12-12 11:45:27,Desktop,8,2024-12-11 15:26:57,typein,(direct),20357,119,1,770.0,138.6,908.6,wc-processing
21901,2024-12-12 11:55:11,Desktop,18,2024-12-11 15:26:57,typein,(direct),6786,119,5,2080.0,374.4,2454.4,wc-processing
21902,2024-12-12 12:14:57,,,,admin,,19808,248,100,2400.0,432.0,2832.0,wc-processing
21905,2024-12-12 13:02:52,,,,admin,,21651,327,5,880.0,158.4,1038.4,wc-processing
21935,2024-12-13 13:04:25,Desktop,112,2024-12-13 17:11:23,typein,(direct),21148,521,1,999.0,179.82,1178.82,wc-completed
21936,2024-12-13 13:05:27,Desktop,117,2024-12-13 17:11:23,typein,(direct),21148,521,1,999.0,179.82,1178.82,wc-completed
22302,2024-12-13 17:29:44,Desktop,6,2024-12-13 20:31:34,typein,(direct),14592,274,2,1998.0,359.64,2357.64,wc-completed
22303,2024-12-13 17:32:41,,,,admin,,5674,577,15,390.0,70.2,460.2,wc-processing
22303,2024-12-13 17:32:41,,,,admin,,20412,577,15,315.0,56.7,371.7,wc-processing
22304,2024-12-13 17:34:48,Desktop,12,2024-12-13 20:31:34,typein,(direct),21129,274,2,2372.0,426.96,2798.96,wc-processing
22305,2024-12-13 17:50:27,Desktop,5,2024-12-12 18:42:55,typein,(direct),3598,430,2,1646.0,296.28,1942.28,wc-processing
22316,2024-12-14 09:56:11,Desktop,18,2024-12-14 14:51:45,typein,(direct),13649,518,1,1086.0,195.48,1281.48,wc-processing
22317,2024-12-14 10:13:46,Desktop,25,2024-12-14 14:51:45,typein,(direct),21651,518,5,880.0,158.4,1038.4,wc-processing
22348,2024-12-16 09:40:36,,,,admin,,21806,448,5,1325.0,238.5,1563.5,wc-processing
22349,2024-12-16 11:23:44,,,,admin,,22224,448,5,1815.0,326.7,2141.7,wc-processing
22355,2024-12-16 11:48:31,,,,admin,,22224,327,5,1815.0,326.7,2141.7,wc-processing
22356,2024-12-16 12:25:11,Desktop,8,2024-12-14 03:57:06,typein,(direct),16571,430,2,1762.0,317.16,2079.16,wc-processing
22357,2024-12-16 12:26:44,Desktop,19,2024-12-14 03:57:06,typein,(direct),16641,430,2,1650.0,297.0,1947.0,wc-processing
22361,2024-12-16 14:02:51,Desktop,11,2024-12-14 03:57:06,typein,(direct),6022,430,2,608.0,109.44,717.44,wc-processing
22362,2024-12-16 14:57:52,Mobile,9,2024-12-16 19:55:55,typein,(direct),22224,430,10,3630.0,653.4,4283.4,wc-processing
22363,2024-12-16 15:11:33,Mobile,19,2024-12-16 19:55:55,typein,(direct),21651,430,10,1760.0,316.8,2076.8,wc-processing
22365,2024-12-16 15:24:48,,,,admin,,21651,448,10,1760.0,316.8,2076.8,wc-processing
22367,2024-12-16 15:32:32,,,,admin,,21651,448,10,1760.0,316.8,2076.8,wc-processing
22372,2024-12-16 16:07:04,Mobile,3,2024-12-16 19:55:55,typein,(direct),21835,430,3,759.0,136.62,895.62,wc-processing
22361,2024-12-16 14:02:51,Desktop,11,2024-12-14 03:57:06,typein,(direct),6044,430,2,608.0,109.44,717.44,wc-processing
22382,2024-12-17 11:47:53,Desktop,6,2024-12-17 15:51:50,typein,(direct),22224,119,5,1815.0,326.7,2141.7,wc-processing
22395,2024-12-18 11:22:20,Desktop,5,2024-12-18 15:10:49,typein,(direct),1155,119,10,3190.0,574.2,3764.2,wc-processing
22396,2024-12-18 11:22:52,Desktop,9,2024-12-18 15:10:49,typein,(direct),1155,119,10,3190.0,574.2,3764.2,wc-processing
22397,2024-12-18 11:25:39,Desktop,15,2024-12-18 15:10:49,typein,(direct),1155,119,10,3190.0,574.2,3764.2,wc-processing
22398,2024-12-18 11:50:17,,,,admin,,21744,491,2,1166.0,209.88,1375.88,wc-processing
22399,2024-12-18 11:59:45,Desktop,8,2024-12-18 16:55:07,typein,(direct),21129,274,4,4536.0,816.48,5352.48,wc-processing
22400,2024-12-18 13:07:59,Desktop,20,2024-12-14 03:57:06,typein,(direct),21835,430,10,2640.0,475.2,3115.2,wc-processing
22401,2024-12-18 13:08:34,Desktop,24,2024-12-14 03:57:06,typein,(direct),21835,430,10,2640.0,475.2,3115.2,wc-processing
22611,2024-12-19 16:38:13,Desktop,9,2024-12-17 23:43:10,organic,google,14592,677,1,999.0,179.82,1178.82,wc-completed
22614,2024-12-19 16:54:51,Desktop,14,2024-12-17 23:43:10,organic,google,21249,677,1,1377.0,247.86,1624.86,wc-processing
22619,2024-12-19 17:50:58,,,,admin,,21148,737,2,1998.0,359.64,2357.64,wc-processing
22620,2024-12-19 17:52:43,,,,admin,,21148,737,2,1998.0,359.64,2357.64,wc-processing
22632,2024-12-20 20:13:56,Desktop,4,2024-12-14 03:57:06,typein,(direct),21111,430,4,2760.0,496.8,3256.8,wc-processing
22633,2024-12-21 11:16:41,Desktop,20,2024-12-14 03:57:06,typein,(direct),21829,430,5,1925.0,346.5,2271.5,wc-processing
22634,2024-12-21 11:21:52,Desktop,31,2024-12-14 03:57:06,typein,(direct),21825,430,5,1985.0,357.3,2342.3,wc-processing
22636,2024-12-21 18:44:46,Desktop,5,2024-12-14 03:57:06,typein,(direct),4412,430,2,1608.0,289.44,1897.44,wc-processing
22637,2024-12-22 10:41:16,Desktop,38,2024-12-11 21:38:45,typein,(direct),4412,172,1,804.0,144.72,948.72,wc-processing
22643,2024-12-23 21:04:30,Mobile,7,2024-12-24 02:03:31,typein,(direct),22263,430,4,1560.0,280.8,1840.8,wc-on-hold
